geoid,name,college_pct
1200075,"Acacia Villas, FL",5.71
1200375,"Alachua, FL",38.30
1200410,"Alafaya, FL",43.21
1200625,"Alford, FL",3.29
1200800,"Allentown, FL",15.62
1200950,"Altamonte Springs, FL",38.53
1201000,"Altha, FL",10.15
1201050,"Altoona, FL",65.38
1201100,"Alturas, FL",10.81
1201125,"Alva, FL",20.94
1201353,"Andrews, FL",0.00
1201475,"Anna Maria, FL",47.31
1201625,"Apalachicola, FL",22.68
1201675,"Apollo Beach, FL",40.59
1201700,"Apopka, FL",27.52
1201750,"Arcadia, FL",10.95
1201775,"Archer, FL",25.98
1201875,"Aripeka, FL",0.00
1202187,"Asbury Lake, FL",23.19
1202250,"Astatula, FL",11.59
1202275,"Astor, FL",19.30
1202400,"Atlantic Beach, FL",52.71
1202500,"Atlantis, FL",63.25
1202550,"Auburndale, FL",21.42
1202575,"Aucilla, FL",3.85
1202660,"Avalon, FL",25.25
1202681,"Aventura, FL",52.72
1202750,"Avon Park, FL",10.05
1202850,"Azalea Park, FL",15.64
1202900,"Babson Park, FL",19.64
1202925,"Bagdad, FL",27.94
1203250,"Baldwin, FL",10.27
1203275,"Bal Harbour, FL",61.46
1203375,"Balm, FL",24.61
1203480,"Bardmoor, FL",36.41
1203675,"Bartow, FL",19.92
1203725,"Bascom, FL",0.00
1203975,"Bay Harbor Islands, FL",54.20
1204070,"Bay Hill, FL",60.53
1204150,"Bay Lake, FL",39.53
1204162,"Bayonet Point, FL",15.12
1204200,"Bay Pines, FL",28.89
1204250,"Bayport, FL",100.00
1204350,"Bayshore Gardens, FL",16.77
1204650,"Beacon Square, FL",15.52
1204735,"Bear Creek, FL",32.73
1204925,"Bee Ridge, FL",32.57
1204975,"Bell, FL",11.80
1205025,"Bellair-Meadowbrook Terrace, FL",19.18
1205075,"Belleair, FL",55.32
1205100,"Belleair Beach, FL",59.28
1205125,"Belleair Bluffs, FL",35.44
1205150,"Belleair Shore, FL",57.58
1205200,"Belle Glade, FL",8.06
1205300,"Belle Isle, FL",44.71
1205375,"Belleview, FL",17.02
1205462,"Bellview, FL",21.62
1205825,"Berrydale, FL",14.78
1206100,"Beverly Beach, FL",29.80
1206125,"Beverly Hills, FL",7.20
1206350,"Big Coppitt Key, FL",27.03
1206425,"Big Pine Key, FL",30.79
1206600,"Biscayne Park, FL",44.83
1206625,"Bithlo, FL",31.52
1206667,"Black Diamond, FL",56.13
1206670,"Black Hammock, FL",38.00
1206875,"Bloomingdale, FL",41.53
1206925,"Blountstown, FL",12.85
1207300,"Boca Raton, FL",55.25
1207375,"Bokeelia, FL",24.12
1207450,"Bonifay, FL",14.44
1207525,"Bonita Springs, FL",37.36
1207687,"Boulevard Gardens, FL",3.46
1207775,"Bowling Green, FL",8.61
1207875,"Boynton Beach, FL",29.45
1207950,"Bradenton, FL",23.98
1207975,"Bradenton Beach, FL",37.27
1208125,"Bradley Junction, FL",0.00
1208150,"Brandon, FL",31.83
1208175,"Branford, FL",13.84
1208300,"Brent, FL",15.26
1208575,"Briny Breezes, FL",40.64
1208600,"Bristol, FL",9.21
1208650,"Broadview Park, FL",9.78
1208700,"Bronson, FL",16.69
1208725,"Brooker, FL",8.48
1208762,"Brookridge, FL",11.48
1208800,"Brooksville, FL",21.62
1208925,"Brownsdale, FL",24.04
1209000,"Brownsville, FL",12.72
1209315,"Buckhead Ridge, FL",6.80
1209350,"Buckingham, FL",27.24
1209415,"Buenaventura Lakes, FL",17.54
1209550,"Bunnell, FL",15.13
1209612,"Burnt Store Marina, FL",53.81
1209625,"Bushnell, FL",9.31
1209630,"Butler Beach, FL",48.89
1209655,"Cabana Colony, FL",21.69
1209700,"Callahan, FL",12.17
1209725,"Callaway, FL",11.58
1209875,"Campbell, FL",20.53
1209900,"Campbellton, FL",6.59
1210100,"Canal Point, FL",9.41
1210250,"Cape Canaveral, FL",35.51
1210275,"Cape Coral, FL",23.33
1210425,"Captiva, FL",15.95
1210725,"Carrabelle, FL",10.15
1210825,"Carrollwood, FL",42.71
1210975,"Caryville, FL",1.57
1211050,"Casselberry, FL",29.80
1211150,"Cedar Grove, FL",9.98
1211225,"Cedar Key, FL",35.40
1211285,"Celebration, FL",61.71
1211325,"Center Hill, FL",7.25
1211362,"Century, FL",6.59
1211597,"Charleston Park, FL",0.00
1211625,"Charlotte Harbor, FL",25.50
1211650,"Charlotte Park, FL",20.34
1211800,"Chattahoochee, FL",9.26
1211912,"Cheval, FL",52.33
1211925,"Chiefland, FL",10.96
1211975,"Chipley, FL",13.97
1212150,"Chokoloskee, FL",20.07
1212250,"Christmas, FL",19.26
1212275,"Chuluota, FL",29.33
1212300,"Chumuckla, FL",12.04
1212325,"Cinco Bayou, FL",32.70
1212412,"Citrus Hills, FL",40.09
1212425,"Citrus Park, FL",35.16
1212450,"Citrus Springs, FL",14.65
1212675,"Clarcona, FL",27.57
1212875,"Clearwater, FL",30.39
1212925,"Clermont, FL",34.13
1212950,"Cleveland, FL",13.96
1213000,"Clewiston, FL",11.03
1213050,"Cloud Lake, FL",19.88
1213125,"Cobbtown, FL",0.00
1213150,"Cocoa, FL",18.10
1213175,"Cocoa Beach, FL",45.00
1213225,"Cocoa West, FL",10.51
1213275,"Coconut Creek, FL",34.56
1213400,"Coleman, FL",7.32
1213775,"Combee Settlement, FL",3.37
1213965,"Connerton, FL",19.78
1214050,"Conway, FL",38.61
1214125,"Cooper City, FL",45.91
1214250,"Coral Gables, FL",66.70
1214400,"Coral Springs, FL",38.56
1214412,"Coral Terrace, FL",28.67
1214700,"Cortez, FL",34.05
1214850,"Cottondale, FL",10.80
1214895,"Country Club, FL",23.03
1215055,"Country Walk, FL",31.97
1215300,"Crawfordville, FL",22.59
1215325,"Crescent Beach, FL",51.73
1215375,"Crescent City, FL",19.06
1215475,"Crestview, FL",23.21
1215515,"Crooked Lake Park, FL",12.96
1215575,"Cross City, FL",10.64
1215725,"Crystal Lake, FL",15.28
1215775,"Crystal River, FL",22.07
1215800,"Crystal Springs, FL",9.04
1215862,"Cudjoe Key, FL",41.02
1215968,"Cutler Bay, FL",31.76
1216050,"Cypress Gardens, FL",27.97
1216062,"Cypress Lake, FL",33.72
1216100,"Cypress Quarters, FL",29.96
1216125,"Dade City, FL",17.22
1216175,"Dade City North, FL",7.60
1216335,"Dania Beach, FL",28.31
1216450,"Davenport, FL",23.05
1216475,"Davie, FL",38.71
1216500,"Day, FL",0.00
1216525,"Daytona Beach, FL",23.10
1216550,"Daytona Beach Shores, FL",43.00
1216675,"DeBary, FL",27.53
1216725,"Deerfield Beach, FL",26.62
1216800,"DeFuniak Springs, FL",17.56
1216875,"DeLand, FL",28.83
1216937,"DeLand Southwest, FL",21.30
1216975,"De Leon Springs, FL",18.77
1217100,"Delray Beach, FL",38.31
1217200,"Deltona, FL",16.19
1217300,"Desoto Lakes, FL",27.68
1217325,"Destin, FL",41.59
1217450,"Dickerson City, FL",9.15
1217710,"Dixonville, FL",0.00
1217725,"Doctor Phillips, FL",55.53
1217935,"Doral, FL",51.88
1218075,"Dover, FL",4.19
1218425,"Duck Key, FL",44.07
1218550,"Dundee, FL",6.98
1218575,"Dunedin, FL",34.66
1218675,"Dunnellon, FL",22.69
1218875,"Eagle Lake, FL",11.57
1219025,"East Bronson, FL",10.53
1219206,"East Lake, FL",45.83
1219212,"East Lake-Orient Park, FL",17.93
1219275,"East Milton, FL",9.83
1219350,"East Palatka, FL",19.35
1219400,"Eastpoint, FL",10.57
1219575,"East Williston, FL",0.00
1219650,"Eatonville, FL",11.02
1219725,"Ebro, FL",4.32
1219825,"Edgewater, FL",15.41
1219900,"Edgewood, FL",38.54
1220050,"Eglin AFB, FL",39.01
1220108,"Egypt Lake-Leto, FL",21.33
1220275,"Elfers, FL",10.14
1220375,"Ellenton, FL",18.30
1220650,"El Portal, FL",44.82
1220825,"Englewood, FL",24.24
1220925,"Ensley, FL",22.05
1221150,"Estero, FL",48.20
1221250,"Esto, FL",6.23
1221350,"Eustis, FL",20.27
1221425,"Everglades, FL",38.65
1221750,"Fairview Shores, FL",25.31
1221850,"Fanning Springs, FL",12.67
1221945,"Feather Sound, FL",59.63
1222100,"Fellsmere, FL",8.28
1222175,"Fernandina Beach, FL",40.70
1222225,"Ferndale, FL",30.00
1222250,"Fern Park, FL",38.86
1222275,"Ferry Pass, FL",34.29
1222325,"Fidelis, FL",10.77
1222375,"Fisher Island, FL",81.47
1222387,"Fish Hawk, FL",61.83
1222475,"Five Points, FL",11.38
1222550,"Flagler Beach, FL",35.22
1222560,"Flagler Estates, FL",10.57
1222660,"Fleming Island, FL",44.39
1222775,"Floral City, FL",12.40
1222975,"Florida City, FL",7.17
1223050,"Florida Ridge, FL",18.97
1223125,"Floridatown, FL",16.00
1223375,"Forest City, FL",37.79
1223730,"Fort Denaud, FL",9.20
1223850,"Fort Green, FL",24.66
1223875,"Fort Green Springs, FL",3.01
1224000,"Fort Lauderdale, FL",36.97
1224100,"Fort Meade, FL",11.99
1224125,"Fort Myers, FL",29.69
1224150,"Fort Myers Beach, FL",41.72
1224175,"Fort Myers Shores, FL",11.14
1224300,"Fort Pierce, FL",16.10
1224337,"Fort Pierce North, FL",10.94
1224387,"Fort Pierce South, FL",8.71
1224475,"Fort Walton Beach, FL",27.10
1224500,"Fort White, FL",11.39
1224562,"Fountainebleau, FL",32.61
1224581,"Four Corners, FL",30.38
1224710,"Franklin Park, FL",14.71
1224825,"Freeport, FL",27.47
1224900,"Frostproof, FL",14.24
1224925,"Fruit Cove, FL",52.10
1224975,"Fruitland Park, FL",30.05
1225000,"Fruitville, FL",33.46
1225025,"Fuller Heights, FL",19.17
1225125,"Fussels Corner, FL",18.15
1225175,"Gainesville, FL",45.10
1225392,"Garcon Point, FL",31.47
1225475,"Garden Grove, FL",17.67
1225550,"Gardner, FL",10.43
1225655,"Gateway, FL",48.20
1225750,"Geneva, FL",33.49
1225900,"Gibsonton, FL",17.82
1225925,"Gifford, FL",29.28
1225987,"Gladeview, FL",9.77
1226000,"Glencoe, FL",18.53
1226050,"Glen Ridge, FL",21.05
1226075,"Glen St. Mary, FL",12.74
1226100,"Glenvar Heights, FL",51.28
1226250,"Golden Beach, FL",76.51
1226300,"Golden Gate, FL",12.76
1226375,"Golden Glades, FL",16.90
1226475,"Goldenrod, FL",31.49
1226550,"Golf, FL",77.05
1226700,"Gonzalez, FL",34.84
1226775,"Goodland, FL",20.41
1226900,"Gotha, FL",64.63
1226925,"Goulding, FL",4.34
1226950,"Goulds, FL",15.97
1227000,"Graceville, FL",20.04
1227175,"Grand Ridge, FL",9.83
1227256,"Grant-Valkaria, FL",25.38
1227322,"Greenacres, FL",22.47
1227360,"Greenbriar, FL",27.66
1227400,"Green Cove Springs, FL",26.36
1227550,"Greensboro, FL",11.20
1227575,"Greenville, FL",5.46
1227600,"Greenwood, FL",25.82
1227635,"Grenelefe, FL",29.29
1227650,"Gretna, FL",13.20
1227775,"Grove City, FL",21.60
1227800,"Groveland, FL",23.31
1228000,"Gulf Breeze, FL",56.64
1228050,"Gulf Gate Estates, FL",30.24
1228175,"Gulfport, FL",40.41
1228275,"Gulf Stream, FL",73.89
1228305,"Gun Club Estates, FL",20.66
1228400,"Haines City, FL",15.04
1228452,"Hallandale Beach, FL",32.01
1228575,"Hampton, FL",6.85
1228650,"Harbor Bluffs, FL",36.82
1228800,"Harbour Heights, FL",25.77
1228925,"Harlem, FL",4.62
1228937,"Harlem Heights, FL",6.47
1229000,"Harold, FL",11.62
1229100,"Hastings, FL",10.66
1229150,"Havana, FL",25.16
1229200,"Haverhill, FL",19.57
1229275,"Hawthorne, FL",16.39
1229320,"Heathrow, FL",64.59
1229385,"Heritage Pines, FL",31.00
1229425,"Hernando, FL",15.58
1229437,"Hernando Beach, FL",27.95
1230000,"Hialeah, FL",15.66
1230025,"Hialeah Gardens, FL",20.58
1230200,"Highland Beach, FL",66.28
1230225,"Highland City, FL",29.19
1230325,"Highland Park, FL",46.21
1230494,"High Point, FL",9.64
1230525,"High Springs, FL",26.64
1230700,"Hillcrest Heights, FL",39.02
1230750,"Hilliard, FL",9.73
1230800,"Hill 'n Dale, FL",10.84
1230850,"Hillsboro Beach, FL",53.11
1230858,"Hillsboro Pines, FL",23.30
1230975,"Hobe Sound, FL",32.47
1231025,"Holden Heights, FL",22.54
1231075,"Holiday, FL",12.10
1231275,"Holley, FL",30.45
1231350,"Holly Hill, FL",17.56
1232000,"Hollywood, FL",27.91
1232150,"Holmes Beach, FL",48.58
1232250,"Homeland, FL",26.61
1232275,"Homestead, FL",22.16
1232325,"Homestead Base, FL",4.72
1232375,"Homosassa, FL",27.21
1232400,"Homosassa Springs, FL",9.58
1232610,"Horizon West, FL",56.43
1232650,"Horseshoe Beach, FL",18.69
1232675,"Hosford, FL",18.99
1232775,"Howey-in-the-Hills, FL",26.82
1232825,"Hudson, FL",20.02
1232967,"Hunters Creek, FL",47.48
1232993,"Hutchinson Island South, FL",33.48
1233150,"Hypoluxo, FL",43.06
1233250,"Immokalee, FL",5.24
1233375,"Indialantic, FL",42.32
1233425,"Indian Creek, FL",60.00
1233450,"Indian Harbour Beach, FL",48.47
1233585,"Indian River Estates, FL",19.77
1233600,"Indian River Shores, FL",70.74
1233625,"Indian Rocks Beach, FL",46.83
1233675,"Indian Shores, FL",51.32
1233700,"Indiantown, FL",6.82
1233800,"Inglis, FL",9.90
1233900,"Interlachen, FL",10.83
1233950,"Inverness, FL",13.92
1233958,"Inverness Highlands North, FL",8.43
1233966,"Inverness Highlands South, FL",13.46
1234000,"Inwood, FL",6.28
1234012,"Iona, FL",38.75
1234132,"Islamorada, Village of Islands, FL",41.40
1234185,"Island Walk, FL",39.44
1234275,"Istachatta, FL",0.00
1234400,"Ives Estates, FL",30.17
1235000,"Jacksonville, FL",28.64
1235050,"Jacksonville Beach, FL",57.36
1235200,"Jacob City, FL",2.78
1235300,"Jan Phyl Village, FL",11.87
1235350,"Jasmine Estates, FL",10.75
1235375,"Jasper, FL",6.37
1235425,"Jay, FL",13.69
1235525,"Jennings, FL",9.84
1235550,"Jensen Beach, FL",33.23
1235800,"June Park, FL",25.27
1235850,"Juno Beach, FL",60.96
1235862,"Juno Ridge, FL",23.06
1235875,"Jupiter, FL",47.82
1235890,"Jupiter Farms, FL",37.07
1235900,"Jupiter Inlet Colony, FL",60.45
1235925,"Jupiter Island, FL",56.57
1235950,"Kathleen, FL",8.24
1236062,"Kendale Lakes, FL",26.83
1236100,"Kendall, FL",45.04
1236121,"Kendall West, FL",31.45
1236175,"Kenneth City, FL",16.80
1236200,"Kensington Park, FL",21.14
1236220,"Kenwood Estates, FL",8.95
1236300,"Key Biscayne, FL",73.29
1236325,"Key Colony Beach, FL",43.63
1236375,"Key Largo, FL",31.57
1236462,"Keystone, FL",54.76
1236475,"Keystone Heights, FL",25.73
1236535,"Key Vista, FL",25.24
1236550,"Key West, FL",35.64
1236950,"Kissimmee, FL",18.40
1237225,"LaBelle, FL",10.25
1237275,"Lacoochee, FL",12.49
1237300,"La Crosse, FL",10.84
1237375,"Lady Lake, FL",22.66
1237500,"Laguna Beach, FL",26.93
1237525,"Lake Alfred, FL",19.79
1237542,"Lake Belvedere Estates, FL",19.91
1237625,"Lake Buena Vista, FL",25.00
1237648,"Lake Butler, FL",61.84
1237650,"Lake Butler, FL",8.39
1237775,"Lake City, FL",21.58
1237800,"Lake Clarke Shores, FL",51.31
1237975,"Lake Hamilton, FL",9.15
1238000,"Lake Harbor, FL",100.00
1238012,"Lake Hart, FL",52.48
1238025,"Lake Helen, FL",14.85
1238162,"Lake Kathryn, FL",4.95
1238250,"Lakeland, FL",25.91
1238262,"Lakeland Highlands, FL",42.14
1238275,"Lake Lindsey, FL",100.00
1238287,"Lake Lorraine, FL",42.38
1238332,"Lake Mack-Forest Hills, FL",8.87
1238350,"Lake Magdalene, FL",37.75
1238425,"Lake Mary, FL",52.06
1238430,"Lake Mary Jane, FL",35.01
1238519,"Lake Mystic, FL",13.70
1238575,"Lake Panasoffkee, FL",10.92
1238600,"Lake Park, FL",30.07
1238625,"Lake Placid, FL",19.55
1238690,"Lake Sarasota, FL",28.09
1238813,"Lakeside, FL",21.42
1238950,"Lake Wales, FL",21.44
1239062,"Lakewood Park, FL",15.83
1239075,"Lake Worth, FL",19.12
1239100,"Lamont, FL",0.00
1239200,"Land O' Lakes, FL",37.55
1239375,"Lantana, FL",25.13
1239425,"Largo, FL",23.12
1239475,"Lauderdale-by-the-Sea, FL",49.46
1239525,"Lauderdale Lakes, FL",13.43
1239550,"Lauderhill, FL",20.15
1239600,"Laurel, FL",31.95
1239650,"Laurel Hill, FL",10.03
1239700,"Lawtey, FL",6.40
1239725,"Layton, FL",20.55
1239750,"Lazy Lake, FL",39.29
1239775,"Lealman, FL",14.33
1239825,"Lecanto, FL",11.22
1239850,"Lee, FL",7.78
1239875,"Leesburg, FL",15.36
1239925,"Lehigh Acres, FL",14.61
1239950,"Leisure City, FL",13.20
1239987,"Lely, FL",34.70
1240037,"Lely Resort, FL",40.93
1240100,"Lemon Grove, FL",15.16
1240450,"Lighthouse Point, FL",48.42
1240525,"Limestone, FL",0.00
1240562,"Limestone Creek, FL",16.86
1240750,"Lisbon, FL",0.00
1240875,"Live Oak, FL",28.33
1240950,"Lloyd, FL",0.00
1240985,"Lochmoor Waterway Estates, FL",31.78
1241025,"Lockhart, FL",21.81
1241150,"Longboat Key, FL",64.46
1241250,"Longwood, FL",26.79
1241400,"Loughman, FL",22.91
1241562,"Lower Grand Lagoon, FL",26.01
1241577,"Loxahatchee Groves, FL",24.17
1241775,"Lutz, FL",46.05
1241825,"Lynn Haven, FL",31.79
1241950,"Macclenny, FL",16.77
1242090,"McGregor, FL",43.54
1242150,"McIntosh, FL",31.80
1242400,"Madeira Beach, FL",38.81
1242425,"Madison, FL",17.35
1242575,"Maitland, FL",57.48
1242625,"Malabar, FL",30.13
1242650,"Malone, FL",5.59
1242700,"Manalapan, FL",69.12
1242750,"Manasota Key, FL",34.65
1242787,"Manatee Road, FL",10.14
1242850,"Mango, FL",13.20
1242900,"Mangonia Park, FL",9.62
1243000,"Marathon, FL",30.68
1243083,"Marco Island, FL",44.84
1243125,"Margate, FL",20.33
1243175,"Marianna, FL",10.34
1243250,"Marineland, FL",50.00
1243375,"Mary Esther, FL",31.19
1243400,"Masaryktown, FL",13.17
1243425,"Mascotte, FL",5.93
1243475,"Matlacha, FL",53.19
1243484,"Matlacha Isles-Matlacha Shores, FL",23.08
1243575,"Mayo, FL",4.64
1243785,"Meadow Oaks, FL",18.44
1243800,"Meadow Woods, FL",32.21
1243900,"Medley, FL",12.39
1243925,"Medulla, FL",22.62
1243975,"Melbourne, FL",28.53
1244000,"Melbourne Beach, FL",51.06
1244075,"Melbourne Village, FL",46.09
1244175,"Memphis, FL",19.84
1244275,"Merritt Island, FL",35.61
1244300,"Mexico Beach, FL",36.04
1245000,"Miami, FL",29.65
1245025,"Miami Beach, FL",47.86
1245060,"Miami Gardens, FL",14.10
1245100,"Miami Lakes, FL",38.48
1245175,"Miami Shores, FL",55.60
1245200,"Miami Springs, FL",35.39
1245225,"Micanopy, FL",31.58
1245275,"Micco, FL",15.26
1245350,"Middleburg, FL",14.99
1245425,"Midway, FL",25.10
1245465,"Midway, FL",35.04
1245475,"Midway, FL",7.33
1245750,"Milton, FL",21.16
1245775,"Mims, FL",16.31
1245900,"Minneola, FL",25.12
1245975,"Miramar, FL",27.29
1246000,"Miramar Beach, FL",49.92
1246225,"Molino, FL",26.23
1246500,"Monticello, FL",29.70
1246520,"Montura, FL",2.82
1246525,"Montverde, FL",32.12
1246540,"Moon Lake, FL",3.22
1246550,"Moore Haven, FL",6.01
1246725,"Morriston, FL",0.00
1247000,"Mount Carmel, FL",37.98
1247050,"Mount Dora, FL",33.24
1247125,"Mount Plymouth, FL",18.52
1247175,"Mulat, FL",24.65
1247200,"Mulberry, FL",9.13
1247300,"Munson, FL",7.63
1247550,"Myrtle Grove, FL",20.03
1247625,"Naples, FL",56.68
1247650,"Naples Manor, FL",9.29
1247675,"Naples Park, FL",33.49
1247700,"Naranja, FL",17.90
1247787,"Nassau Village-Ratliff, FL",13.15
1248050,"Navarre, FL",26.80
1248055,"Navarre Beach, FL",60.85
1248100,"Neptune Beach, FL",56.53
1248200,"Newberry, FL",28.91
1248500,"New Port Richey, FL",14.17
1248525,"New Port Richey East, FL",15.23
1248625,"New Smyrna Beach, FL",34.29
1248750,"Niceville, FL",38.45
1248825,"Nobleton, FL",13.46
1248850,"Nocatee, FL",59.18
1248875,"Nokomis, FL",20.08
1248900,"Noma, FL",1.56
1249225,"North Bay Village, FL",46.64
1249237,"North Brooksville, FL",15.38
1249260,"Northdale, FL",39.20
1249275,"North DeLand, FL",15.84
1249350,"North Fort Myers, FL",19.39
1249406,"North Key Largo, FL",58.65
1249425,"North Lauderdale, FL",17.40
1249450,"North Miami, FL",19.07
1249475,"North Miami Beach, FL",22.53
1249600,"North Palm Beach, FL",45.24
1249675,"North Port, FL",21.81
1249725,"North Redington Beach, FL",41.40
1249750,"North River Shores, FL",41.81
1249787,"North Sarasota, FL",16.26
1249905,"North Weeki Wachee, FL",21.48
1250450,"Oak Hill, FL",14.00
1250525,"Oakland, FL",36.23
1250575,"Oakland Park, FL",26.99
1250630,"Oakleaf Plantation, FL",33.37
1250638,"Oak Ridge, FL",13.14
1250750,"Ocala, FL",24.20
1250875,"Ocean Breeze, FL",11.28
1250925,"Ocean City, FL",27.03
1250950,"Ocean Ridge, FL",58.65
1251075,"Ocoee, FL",34.90
1251100,"Odessa, FL",37.31
1251125,"Ojus, FL",36.03
1251150,"Okahumpka, FL",7.25
1251200,"Okeechobee, FL",10.32
1251350,"Oldsmar, FL",32.10
1251400,"Olga, FL",18.62
1251475,"Olympia Heights, FL",27.36
1251500,"Ona, FL",0.00
1251650,"Opa-locka, FL",8.50
1251825,"Orange City, FL",21.39
1252125,"Orange Park, FL",26.92
1252162,"Orangetree, FL",32.86
1252175,"Orchid, FL",68.23
1252250,"Oriole Beach, FL",43.02
1253000,"Orlando, FL",38.07
1253100,"Orlovista, FL",9.26
1253150,"Ormond Beach, FL",31.17
1253200,"Ormond-by-the-Sea, FL",31.73
1253425,"Osprey, FL",56.61
1253500,"Otter Creek, FL",0.00
1253575,"Oviedo, FL",49.00
1253725,"Pace, FL",31.04
1253775,"Page Park, FL",22.66
1253800,"Pahokee, FL",10.72
1253850,"Paisley, FL",0.00
1253875,"Palatka, FL",11.14
1254000,"Palm Bay, FL",19.31
1254025,"Palm Beach, FL",67.90
1254075,"Palm Beach Gardens, FL",52.36
1254150,"Palm Beach Shores, FL",49.79
1254175,"Palm City, FL",46.11
1254200,"Palm Coast, FL",22.88
1254250,"Palmetto, FL",20.59
1254275,"Palmetto Bay, FL",58.51
1254300,"Palmetto Estates, FL",20.94
1254350,"Palm Harbor, FL",34.11
1254357,"Palmona Park, FL",5.14
1254387,"Palm River-Clair Mel, FL",16.61
1254425,"Palm Shores, FL",26.44
1254450,"Palm Springs, FL",15.90
1254500,"Palm Springs North, FL",25.09
1254525,"Palm Valley, FL",62.78
1254625,"Panacea, FL",12.26
1254700,"Panama City, FL",24.25
1254725,"Panama City Beach, FL",31.50
1254912,"Paradise Heights, FL",16.97
1255075,"Parker, FL",14.64
1255125,"Parkland, FL",61.78
1255305,"Pasadena Hills, FL",26.50
1255375,"Patrick AFB, FL",37.80
1255475,"Paxton, FL",8.00
1255532,"Pea Ridge, FL",20.65
1255540,"Pebble Creek, FL",47.81
1255650,"Pelican Bay, FL",72.90
1255750,"Pembroke Park, FL",22.02
1255775,"Pembroke Pines, FL",33.86
1255875,"Penney Farms, FL",57.66
1255925,"Pensacola, FL",37.18
1256150,"Perry, FL",15.27
1256425,"Pierson, FL",8.56
1256475,"Pine Air, FL",10.40
1256500,"Pine Castle, FL",17.85
1256625,"Pinecrest, FL",66.44
1256825,"Pine Hills, FL",14.28
1256840,"Pine Island, FL",67.35
1256850,"Pine Island Center, FL",21.83
1256865,"Pine Lakes, FL",4.20
1256875,"Pineland, FL",40.94
1256955,"Pine Level, FL",35.64
1256975,"Pinellas Park, FL",21.89
1257025,"Pine Manor, FL",8.73
1257058,"Pine Ridge, FL",26.50
1257066,"Pine Ridge, FL",45.05
1257250,"Pinewood, FL",13.30
1257320,"Pioneer, FL",34.94
1257380,"Pittman, FL",14.86
1257425,"Plantation, FL",43.31
1257450,"Plantation, FL",50.45
1257492,"Plantation Island, FL",0.00
1257518,"Plantation Mobile Home Park, FL",14.23
1257550,"Plant City, FL",22.39
1257900,"Poinciana, FL",18.70
1257908,"Point Baker, FL",11.91
1257950,"Polk City, FL",16.94
1258025,"Pomona Park, FL",9.01
1258050,"Pompano Beach, FL",25.05
1258175,"Ponce de Leon, FL",11.78
1258200,"Ponce Inlet, FL",48.80
1258350,"Port Charlotte, FL",18.72
1258420,"Port LaBelle, FL",5.91
1258575,"Port Orange, FL",25.79
1258600,"Port Richey, FL",21.89
1258675,"Port St. Joe, FL",21.21
1258700,"Port St. John, FL",19.56
1258715,"Port St. Lucie, FL",22.61
1258727,"Port Salerno, FL",25.30
1258962,"Pretty Bayou, FL",30.63
1258975,"Princeton, FL",25.03
1259050,"Progress Village, FL",29.66
1259200,"Punta Gorda, FL",38.75
1259250,"Punta Rassa, FL",62.34
1259311,"Quail Ridge, FL",34.39
1259325,"Quincy, FL",19.05
1259400,"Raiford, FL",12.12
1259475,"Raleigh, FL",1.86
1259675,"Reddick, FL",9.98
1259725,"Redington Beach, FL",43.08
1259750,"Redington Shores, FL",48.13
1260225,"Richmond Heights, FL",19.40
1260230,"Richmond West, FL",28.14
1260275,"Ridgecrest, FL",11.52
1260325,"Ridge Manor, FL",15.62
1260475,"Ridge Wood Heights, FL",31.21
1260550,"Rio, FL",22.28
1260562,"Rio Pinar, FL",37.69
1260785,"River Park, FL",14.26
1260835,"River Ridge, FL",17.13
1260950,"Riverview, FL",31.34
1260975,"Riviera Beach, FL",24.47
1261500,"Rockledge, FL",32.49
1261615,"Roeville, FL",22.90
1261807,"Roosevelt Gardens, FL",11.16
1261875,"Roseland, FL",13.36
1261937,"Rotonda, FL",24.90
1262100,"Royal Palm Beach, FL",36.14
1262118,"Royal Palm Estates, FL",13.53
1262275,"Ruskin, FL",18.70
1262425,"Safety Harbor, FL",40.56
1262500,"St. Augustine, FL",40.38
1262525,"St. Augustine Beach, FL",52.77
1262550,"St. Augustine Shores, FL",28.51
1262562,"St. Augustine South, FL",31.52
1262625,"St. Cloud, FL",18.23
1262650,"St. George Island, FL",56.67
1262675,"St. James City, FL",25.83
1262775,"St. Leo, FL",27.55
1262800,"St. Lucie Village, FL",31.30
1262825,"St. Marks, FL",18.27
1262885,"St. Pete Beach, FL",47.98
1263000,"St. Petersburg, FL",35.69
1263225,"Samoset, FL",5.51
1263362,"Samsula-Spruce Creek, FL",40.99
1263375,"San Antonio, FL",32.07
1263425,"San Carlos Park, FL",20.46
1263435,"San Castle, FL",17.54
1263650,"Sanford, FL",23.03
1263700,"Sanibel, FL",61.13
1264175,"Sarasota, FL",36.45
1264325,"Sarasota Springs, FL",24.73
1264400,"Satellite Beach, FL",49.27
1264525,"Sawgrass, FL",61.14
1264547,"Schall Circle, FL",13.74
1264725,"Sea Ranch Lakes, FL",72.80
1264825,"Sebastian, FL",24.46
1264875,"Sebring, FL",16.45
1264925,"Seffner, FL",24.21
1264975,"Seminole, FL",31.73
1265100,"Seminole Manor, FL",11.05
1265200,"Seville, FL",12.87
1265225,"Sewall's Point, FL",61.37
1265385,"Shady Hills, FL",13.10
1265425,"Shalimar, FL",49.29
1265525,"Sharpes, FL",25.67
1266000,"Siesta Key, FL",58.16
1266062,"Silver Lake, FL",36.39
1266175,"Silver Springs Shores, FL",15.03
1266425,"Sky Lake, FL",16.08
1266725,"Sneads, FL",5.76
1266875,"Solana, FL",40.86
1266925,"Sopchoppy, FL",25.00
1266975,"Sorrento, FL",0.00
1267163,"South Apopka, FL",9.65
1267175,"South Bay, FL",5.28
1267192,"South Beach, FL",71.25
1267258,"South Bradenton, FL",15.20
1267266,"South Brooksville, FL",23.18
1267270,"Southchase, FL",22.14
1267325,"South Daytona, FL",19.08
1267355,"Southeast Arcadia, FL",3.81
1267425,"Southgate, FL",35.75
1267450,"South Gate Ridge, FL",36.68
1267462,"South Highpoint, FL",11.07
1267550,"South Miami, FL",57.58
1267575,"South Miami Heights, FL",16.87
1267650,"South Palm Beach, FL",61.35
1267675,"South Pasadena, FL",29.17
1267725,"South Patrick Shores, FL",43.35
1267887,"South Sarasota, FL",46.97
1268100,"South Venice, FL",25.56
1268135,"Southwest Ranches, FL",44.70
1268275,"Springfield, FL",8.59
1268350,"Spring Hill, FL",17.88
1268365,"Springhill, FL",11.76
1268375,"Spring Lake, FL",45.47
1268435,"Spring Ridge, FL",31.06
1268487,"Stacey Street, FL",10.74
1268525,"Starke, FL",10.41
1268625,"Steinhatchee, FL",0.00
1268800,"Stock Island, FL",16.40
1268875,"Stuart, FL",27.52
1268950,"Sugarmill Woods, FL",29.39
1269025,"Sumatra, FL",0.00
1269250,"Sun City Center, FL",33.84
1269275,"Suncoast Estates, FL",6.80
1269555,"Sunny Isles Beach, FL",45.45
1269700,"Sunrise, FL",26.74
1269812,"Sunset, FL",40.23
1270075,"Surfside, FL",65.73
1270345,"Sweetwater, FL",21.37
1270525,"Taft, FL",10.82
1270600,"Tallahassee, FL",48.17
1270675,"Tamarac, FL",26.12
1270700,"Tamiami, FL",28.94
1271000,"Tampa, FL",38.59
1271075,"Tangelo Park, FL",12.13
1271100,"Tangerine, FL",25.93
1271150,"Tarpon Springs, FL",26.21
1271225,"Tavares, FL",20.58
1271250,"Tavernier, FL",34.20
1271300,"Taylor Creek, FL",10.01
1271400,"Temple Terrace, FL",41.28
1271525,"Tequesta, FL",47.06
1271564,"The Acreage, FL",23.81
1271567,"The Crossings, FL",37.23
1271569,"The Hammocks, FL",36.36
1271580,"The Meadows, FL",54.55
1271625,"The Villages, FL",42.33
1271725,"Thonotosassa, FL",20.99
1271741,"Three Lakes, FL",40.53
1271758,"Three Oaks, FL",35.10
1271800,"Tice, FL",12.20
1271825,"Tierra Verde, FL",62.90
1271842,"Tiger Point, FL",53.36
1271850,"Tildenville, FL",0.00
1271867,"Timber Pines, FL",30.23
1271900,"Titusville, FL",21.87
1272145,"Town 'n' Country, FL",29.01
1272325,"Treasure Island, FL",43.50
1272350,"Trenton, FL",9.83
1272425,"Trilby, FL",27.92
1272442,"Trinity, FL",37.87
1272875,"Tyndall AFB, FL",53.00
1273025,"Umatilla, FL",21.36
1273075,"Union Park, FL",28.11
1273163,"University, FL",23.85
1273172,"University, FL",34.24
1273287,"University Park, FL",28.01
1273312,"Upper Grand Lagoon, FL",34.31
1273675,"Valparaiso, FL",24.99
1273700,"Valrico, FL",34.31
1273725,"Vamo, FL",36.42
1273900,"Venice, FL",41.01
1273950,"Venice Gardens, FL",29.45
1274125,"Vernon, FL",13.25
1274150,"Vero Beach, FL",34.31
1274200,"Vero Beach South, FL",25.35
1274235,"Verona Walk, FL",38.33
1274368,"Viera East, FL",37.54
1274370,"Viera West, FL",47.48
1274498,"Villano Beach, FL",42.48
1274512,"Villas, FL",29.71
1274562,"Vineyards, FL",58.65
1274575,"Virginia Gardens, FL",31.34
1274625,"Wabasso, FL",39.73
1274635,"Wabasso Beach, FL",61.62
1274700,"Wacissa, FL",6.31
1274775,"Wahneta, FL",1.47
1274925,"Waldo, FL",8.90
1274975,"Wallace, FL",35.68
1275175,"Warm Mineral Springs, FL",19.35
1275200,"Warrington, FL",20.89
1275225,"Washington Park, FL",5.76
1275275,"Watergate, FL",17.79
1275300,"Watertown, FL",4.09
1275375,"Wauchula, FL",12.65
1275425,"Waukeenah, FL",23.68
1275450,"Wausau, FL",3.68
1275475,"Waverly, FL",0.00
1275600,"Webster, FL",10.13
1275612,"Wedgefield, FL",31.35
1275625,"Weeki Wachee, FL",0.00
1275641,"Weeki Wachee Gardens, FL",14.30
1275725,"Wekiwa Springs, FL",50.36
1275750,"Welaka, FL",10.85
1275812,"Wellington, FL",45.03
1275875,"Wesley Chapel, FL",41.63
1276050,"West Bradenton, FL",33.33
1276062,"Westchase, FL",57.38
1276075,"Westchester, FL",29.15
1276087,"West DeLand, FL",25.18
1276290,"Westgate, FL",8.71
1276417,"Westlake, FL",50.00
1276481,"West Lealman, FL",18.43
1276487,"West Little River, FL",10.67
1276500,"West Melbourne, FL",33.53
1276525,"West Miami, FL",31.10
1276582,"Weston, FL",62.95
1276600,"West Palm Beach, FL",34.37
1276658,"West Park, FL",12.85
1276675,"West Pensacola, FL",11.58
1276700,"West Perrine, FL",19.20
1276740,"West Samoset, FL",4.08
1276937,"West Vero Corridor, FL",23.10
1276950,"Westview, FL",15.15
1276975,"Westville, FL",12.21
1277075,"Westwood Lakes, FL",26.97
1277100,"Wewahitchka, FL",15.16
1277137,"Whiskey Creek, FL",40.37
1277275,"White City, FL",14.50
1277400,"White Springs, FL",13.34
1277467,"Whitfield, FL",39.04
1277470,"Whitfield, FL",10.68
1277675,"Wildwood, FL",22.37
1277735,"Williamsburg, FL",38.48
1277825,"Williston, FL",12.35
1277837,"Williston Highlands, FL",12.64
1277862,"Willow Oak, FL",13.88
1278000,"Wilton Manors, FL",44.94
1278025,"Wimauma, FL",9.36
1278050,"Windermere, FL",70.63
1278110,"Windsor, FL",64.68
1278225,"Winter Beach, FL",42.45
1278250,"Winter Garden, FL",40.47
1278275,"Winter Haven, FL",19.66
1278300,"Winter Park, FL",62.56
1278325,"Winter Springs, FL",45.18
1278340,"Wiscon, FL",11.62
1278500,"Woodlawn Beach, FL",42.88
1278700,"Woodville, FL",22.32
1278740,"World Golf Village, FL",49.16
1278775,"Worthington Springs, FL",2.12
1278800,"Wright, FL",24.66
1278900,"Yalaha, FL",16.63
1278925,"Yankeetown, FL",22.17
1278975,"Yeehaw Junction, FL",8.37
1279175,"Yulee, FL",21.99
1279200,"Zellwood, FL",16.65
1279225,"Zephyrhills, FL",13.29
1279231,"Zephyrhills North, FL",10.12
1279237,"Zephyrhills South, FL",8.66
1279243,"Zephyrhills West, FL",14.09
1279250,"Zolfo Springs, FL",2.32