fips,name,state,jobless_pct,trump_pct
1001,Autauga,AL,4.9,71.4
1003,Baldwin,AL,5.6,76.2
1005,Barbour,AL,7,53.5
1007,Bibb,AL,6.6,78.4
1009,Blount,AL,4.1,89.6
1011,Bullock,AL,5.5,24.8
1013,Butler,AL,8.8,57.5
1015,Calhoun,AL,7.1,68.8
1017,Chambers,AL,6.8,57.3
1019,Cherokee,AL,4.6,86
1021,Chilton,AL,5,83.3
1023,Choctaw,AL,6.7,57.6
1025,Clarke,AL,9,55.8
1027,Clay,AL,4,80.8
1029,Cleburne,AL,4.6,89.7
1031,Coffee,AL,4.4,75.9
1033,Colbert,AL,6.6,68.9
1035,Conecuh,AL,7.3,53.4
1037,Coosa,AL,5.5,66.3
1039,Covington,AL,4.9,83.7
1041,Crenshaw,AL,5.7,73.5
1043,Cullman,AL,4.3,88.1
1045,Dale,AL,4.9,72.5
1047,Dallas,AL,10.7,30.9
1049,DeKalb,AL,4.5,84.4
1051,Elmore,AL,4.9,73.5
1053,Escambia,AL,6,68.3
1055,Etowah,AL,7.7,74.4
1057,Fayette,AL,5,83.3
1059,Franklin,AL,4.4,82.5
1061,Geneva,AL,4.1,86.5
1063,Greene,AL,10.9,18.3
1065,Hale,AL,9.4,40.4
1067,Henry,AL,4.8,71.1
1069,Houston,AL,5.4,70.6
1071,Jackson,AL,5.3,83.2
1073,Jefferson,AL,6.2,42.6
1075,Lamar,AL,4.9,85.8
1077,Lauderdale,AL,5.5,71.5
1079,Lawrence,AL,4.9,76.9
1081,Lee,AL,5.2,59.1
1083,Limestone,AL,4.3,70.4
1085,Lowndes,AL,13.3,26.9
1087,Macon,AL,9.6,17.7
1089,Madison,AL,4.6,52.8
1091,Marengo,AL,6.2,49
1093,Marion,AL,5.1,88.4
1095,Marshall,AL,4.2,83.7
1097,Mobile,AL,7.9,55.3
1099,Monroe,AL,8.2,57.6
1101,Montgomery,AL,7.8,33.6
1103,Morgan,AL,4.5,73.8
1105,Perry,AL,10.9,25.6
1107,Pickens,AL,6.5,57.9
1109,Pike,AL,4.9,58.1
1111,Randolph,AL,4.7,79
1113,Russell,AL,5.1,46.2
1115,St. Clair,AL,4.9,81.4
1117,Shelby,AL,3.9,69.3
1119,Sumter,AL,7,25.4
1121,Talladega,AL,7,62.3
1123,Tallapoosa,AL,6.9,71.3
1125,Tuscaloosa,AL,6.6,56.7
1127,Walker,AL,5.8,83.4
1129,Washington,AL,8,74
1131,Wilcox,AL,14.7,31.1
1133,Winston,AL,4.7,90.3
4001,Apache,AZ,12.8,32.5
4003,Cochise,AZ,7,58.8
4005,Coconino,AZ,9.7,36.9
4007,Gila,AZ,7.7,66.4
4009,Graham,AZ,6.3,71.7
4011,Greenlee,AZ,5.5,66
4012,La Paz,AZ,7.1,68.8
4013,Maricopa,AZ,7.4,48.1
4015,Mohave,AZ,10,75
4017,Navajo,AZ,10.1,53.4
4019,Pima,AZ,7.7,39.9
4021,Pinal,AZ,7.5,57.9
4023,Santa Cruz,AZ,11.4,31.7
4025,Yavapai,AZ,7.5,63.9
4027,Yuma,AZ,17.1,52.3
5001,Arkansas,AR,4,68.4
5003,Ashley,AR,9.3,70
5005,Baxter,AR,5.9,75.4
5007,Benton,AR,4.5,61.7
5009,Boone,AR,5.3,79.8
5011,Bradley,AR,5.8,63.9
5013,Calhoun,AR,5.2,75
5015,Carroll,AR,5.7,62.9
5017,Chicot,AR,10.3,42.7
5019,Clark,AR,5.9,55
5021,Clay,AR,6,78.8
5023,Cleburne,AR,7.6,81.5
5025,Cleveland,AR,6.1,79.6
5027,Columbia,AR,6.8,63.8
5029,Conway,AR,6,65.6
5031,Craighead,AR,5.3,66.4
5033,Crawford,AR,5.4,77.2
5035,Crittenden,AR,8.3,44.8
5037,Cross,AR,6.1,71.2
5039,Dallas,AR,5.3,59.4
5041,Desha,AR,7,46.1
5043,Drew,AR,6.9,63
5045,Faulkner,AR,5.4,63.2
5047,Franklin,AR,5.6,79.6
5049,Fulton,AR,5.1,77.4
5051,Garland,AR,8,65.8
5053,Grant,AR,5.2,82.9
5055,Greene,AR,6,78.7
5057,Hempstead,AR,5.2,65.3
5059,Hot Spring,AR,5.8,73.3
5061,Howard,AR,5,69.7
5063,Independence,AR,5.8,77.5
5065,Izard,AR,8.4,79.7
5067,Jackson,AR,7.1,70.6
5069,Jefferson,AR,8,37.8
5071,Johnson,AR,6.3,73
5073,Lafayette,AR,7.6,65.6
5075,Lawrence,AR,6.1,78
5077,Lee,AR,7.5,45.2
5079,Lincoln,AR,6,70.4
5081,Little River,AR,6.4,71.8
5083,Logan,AR,6.6,78.3
5085,Lonoke,AR,5.5,74.6
5087,Madison,AR,3.9,77
5089,Marion,AR,6.4,77.1
5091,Miller,AR,6.9,72.1
5093,Mississippi,AR,9,59.1
5095,Monroe,AR,6.7,54.9
5097,Montgomery,AR,6.8,78.6
5099,Nevada,AR,5.9,63.5
5101,Newton,AR,5,79.8
5103,Ouachita,AR,6,55
5105,Perry,AR,5.5,75.2
5107,Phillips,AR,9.1,38.7
5109,Pike,AR,5.9,82.9
5111,Poinsett,AR,5.5,78.7
5113,Polk,AR,6.6,82.9
5115,Pope,AR,5.9,74
5117,Prairie,AR,5.3,79.7
5119,Pulaski,AR,7.4,37.5
5121,Randolph,AR,5.9,78.6
5123,St. Francis,AR,7.9,45.6
5125,Saline,AR,5.1,69.4
5127,Scott,AR,4.5,83.4
5129,Searcy,AR,6.4,83.7
5131,Sebastian,AR,6,66.2
5133,Sevier,AR,5.8,74.7
5135,Sharp,AR,7.1,78.5
5137,Stone,AR,7.1,77.7
5139,Union,AR,8.3,63.1
5141,Van Buren,AR,7.1,77.3
5143,Washington,AR,4.6,50.4
5145,White,AR,6.2,78.3
5147,Woodruff,AR,5.8,62.3
5149,Yell,AR,5.1,77.5
6001,Alameda,CA,8.8,17.7
6003,Alpine,CA,11.2,32.9
6005,Amador,CA,9.1,60.9
6007,Butte,CA,9.2,47.7
6009,Calaveras,CA,7.6,60.8
6011,Colusa,CA,16,57.3
6013,Contra Costa,CA,8.9,26.3
6015,Del Norte,CA,9.5,56.4
6017,El Dorado,CA,8.3,53.2
6019,Fresno,CA,11.3,45.1
6021,Glenn,CA,8.9,62.5
6023,Humboldt,CA,8.4,31.6
6025,Imperial,CA,22.5,36.7
6027,Inyo,CA,7.8,48.7
6029,Kern,CA,12.5,53.9
6031,Kings,CA,11.6,54.9
6033,Lake,CA,9.6,45.5
6035,Lassen,CA,7.1,74.8
6037,Los Angeles,CA,12.8,26.9
6039,Madera,CA,10.8,54.7
6041,Marin,CA,6.7,15.8
6043,Mariposa,CA,10.9,57.9
6045,Mendocino,CA,8.9,30.6
6047,Merced,CA,12.2,43.5
6049,Modoc,CA,8.5,71.6
6051,Mono,CA,11.8,37.3
6053,Monterey,CA,10.8,28.2
6055,Napa,CA,8.7,28.7
6057,Nevada,CA,8,41.4
6059,Orange,CA,8.8,44.4
6061,Placer,CA,7.3,52.1
6063,Plumas,CA,10.7,57.2
6065,Riverside,CA,9.9,45
6067,Sacramento,CA,9.3,36.1
6069,San Benito,CA,9.9,36.7
6071,San Bernardino,CA,9.4,43.5
6073,San Diego,CA,9.2,37.5
6075,San Francisco/city,CA,7.8,12.7
6077,San Joaquin,CA,11.3,41.8
6079,San Luis Obispo,CA,7.7,42.2
6081,San Mateo,CA,6.9,20.2
6083,Santa Barbara,CA,8,32.8
6085,Santa Clara,CA,7,25.2
6087,Santa Cruz,CA,9.5,18.6
6089,Shasta,CA,8.7,65.4
6091,Sierra,CA,8,59.1
6093,Siskiyou,CA,9.7,56.6
6095,Solano,CA,9.5,33.7
6097,Sonoma,CA,7.9,23
6099,Stanislaus,CA,10.7,48.4
6101,Sutter,CA,11,57.2
6103,Tehama,CA,8.8,66.6
6105,Trinity,CA,8,50.9
6107,Tulare,CA,13.2,52.8
6109,Tuolumne,CA,10.4,58.2
6111,Ventura,CA,8.6,38.4
6113,Yolo,CA,7.5,28.1
6115,Yuba,CA,10.5,59.3
8001,Adams,CO,8,40.4
8003,Alamosa,CO,6.4,48.8
8005,Arapahoe,CO,7.9,36.4
8007,Archuleta,CO,7.6,56.7
8009,Baca,CO,2.3,83.9
8011,Bent,CO,4.4,66.1
8013,Boulder,CO,6.2,20.6
8014,Broomfield/city,CO,6.6,34.9
8015,Chaffee,CO,6.3,45.4
8017,Cheyenne,CO,2.4,87.4
8019,Clear Creek,CO,8.5,42.1
8021,Conejos,CO,5.6,52.8
8023,Costilla,CO,7.2,35.4
8025,Crowley,CO,5.4,72.6
8027,Custer,CO,5,68.1
8029,Delta,CO,6.6,67.5
8031,Denver/city,CO,8.2,18.2
8033,Dolores,CO,6.9,75.2
8035,Douglas,CO,5.8,52.4
8037,Eagle,CO,9.5,33.9
8039,Elbert,CO,4.7,73.9
8041,El Paso,CO,7.3,53.5
8043,Fremont,CO,7.7,68.5
8045,Garfield,CO,6.8,47.6
8047,Gilpin,CO,11.3,43.8
8049,Grand,CO,8.4,49.5
8051,Gunnison,CO,6.6,33.4
8053,Hinsdale,CO,4.2,55.9
8055,Huerfano,CO,9.4,50
8057,Jackson,CO,4.3,77.7
8059,Jefferson,CO,7.1,39.3
8061,Kiowa,CO,2.3,88
8063,Kit Carson,CO,2.8,81.2
8065,Lake,CO,8.2,37.8
8067,La Plata,CO,6.8,39.9
8069,Larimer,CO,6.3,40.8
8071,Las Animas,CO,7.4,53.8
8073,Lincoln,CO,4.5,80.5
8075,Logan,CO,4.7,76.8
8077,Mesa,CO,7.5,62.8
8079,Mineral,CO,5.8,56.5
8081,Moffat,CO,6,80.7
8083,Montezuma,CO,7.1,60
8085,Montrose,CO,6.6,67.3
8087,Morgan,CO,5.4,69.8
8089,Otero,CO,6.2,60.1
8091,Ouray,CO,8.1,39.2
8093,Park,CO,5.7,56.9
8095,Phillips,CO,2.7,78.8
8097,Pitkin,CO,10.5,23.2
8099,Prowers,CO,4.4,72.1
8101,Pueblo,CO,8.2,47.8
8103,Rio Blanco,CO,5.4,82.9
8105,Rio Grande,CO,7.1,58
8107,Routt,CO,7.9,35.1
8109,Saguache,CO,7,41.7
8111,San Juan,CO,6.7,35.9
8113,San Miguel,CO,10.9,22.1
8115,Sedgwick,CO,3.4,77.5
8117,Summit,CO,9.8,28.8
8119,Teller,CO,7.5,66.4
8121,Washington,CO,3.1,86.3
8123,Weld,CO,7,57.6
8125,Yuma,CO,2.8,82.5
9001,Fairfield,CT,7.9,35.7
9003,Hartford,CT,8.1,35.4
9005,Litchfield,CT,6.9,51.7
9007,Middlesex,CT,6.5,41
9009,New Haven,CT,8,40.6
9011,New London,CT,9.6,40.9
9013,Tolland,CT,6.2,43.2
9015,Windham,CT,7.8,51.1
10001,Kent,DE,8.6,47.1
10003,New Castle,DE,7.7,30.7
10005,Sussex,DE,7.5,55.1
11001,District of Columbia,DC,8,5.4
12001,Alachua,FL,5.4,35.7
12003,Baker,FL,4.9,84.7
12005,Bay,FL,6.1,71.1
12007,Bradford,FL,5.9,75.8
12009,Brevard,FL,6.6,57.6
12011,Broward,FL,8.8,34.8
12013,Calhoun,FL,5.2,80.8
12015,Charlotte,FL,7.3,63
12017,Citrus,FL,8.4,70.1
12019,Clay,FL,5.4,67.9
12021,Collier,FL,6.9,62
12023,Columbia,FL,5.8,72.1
12027,DeSoto,FL,5.2,65.7
12029,Dixie,FL,5.5,82.8
12031,Duval,FL,6.7,47.4
12033,Escambia,FL,6.7,56.7
12035,Flagler,FL,7.6,60
12037,Franklin,FL,5.4,68.3
12039,Gadsden,FL,6.8,31.4
12041,Gilchrist,FL,4.9,81.5
12043,Glades,FL,5.6,72.8
12045,Gulf,FL,5.9,74.9
12047,Hamilton,FL,7.6,65.4
12049,Hardee,FL,6.5,72.2
12051,Hendry,FL,8.1,61.1
12053,Hernando,FL,8.1,64.6
12055,Highlands,FL,7.7,66.8
12057,Hillsborough,FL,7.1,46
12059,Holmes,FL,5.5,89.1
12061,Indian River,FL,7.4,60.4
12063,Jackson,FL,5.4,69.1
12065,Jefferson,FL,5.6,53
12067,Lafayette,FL,4.2,85.5
12069,Lake,FL,8.9,59.6
12071,Lee,FL,7.3,59.2
12073,Leon,FL,5.8,35.3
12075,Levy,FL,6,72.4
12077,Liberty,FL,4.8,79.9
12079,Madison,FL,6,59.4
12081,Manatee,FL,6.8,57.6
12083,Marion,FL,7,62.5
12085,Martin,FL,6.1,62
12086,Miami-Dade,FL,8,46.1
12087,Monroe,FL,7.9,53.5
12089,Nassau,FL,5.7,72.4
12091,Okaloosa,FL,5.5,68.6
12093,Okeechobee,FL,5.4,71.9
12095,Orange,FL,10.6,37.9
12097,Osceola,FL,13.5,42.6
12099,Palm Beach,FL,7.6,43.3
12101,Pasco,FL,7.2,59.5
12103,Pinellas,FL,7,49.3
12105,Polk,FL,9,56.7
12107,Putnam,FL,7.9,70.1
12109,St. Johns,FL,5.3,62.8
12111,St. Lucie,FL,7.8,50.4
12113,Santa Rosa,FL,5.2,72.4
12115,Sarasota,FL,6.8,54.8
12117,Seminole,FL,7.2,48
12119,Sumter,FL,7.9,67.9
12121,Suwannee,FL,5.6,77.9
12123,Taylor,FL,6.2,76.5
12125,Union,FL,4.7,82.2
12127,Volusia,FL,7.6,56.5
12129,Wakulla,FL,4.5,70
12131,Walton,FL,5.9,75.4
12133,Washington,FL,5.8,80.1
13001,Appling,GA,4.7,78.2
13003,Atkinson,GA,3.9,72.9
13005,Bacon,GA,4.9,86.1
13007,Baker,GA,6,57.7
13009,Baldwin,GA,6.9,48.8
13011,Banks,GA,4.3,88.6
13013,Barrow,GA,5.1,70.7
13015,Bartow,GA,6.2,74.7
13017,Ben Hill,GA,6.9,62.7
13019,Berrien,GA,5.8,82.9
13021,Bibb,GA,7.5,37.5
13023,Bleckley,GA,6.5,75.8
13025,Brantley,GA,5.4,90.3
13027,Brooks,GA,5.2,60
13029,Bryan,GA,5.3,66.7
13031,Bulloch,GA,6.5,61.1
13033,Burke,GA,7.2,50.5
13035,Butts,GA,6.2,71.4
13037,Calhoun,GA,5.1,42.1
13039,Camden,GA,4.7,64.4
13043,Candler,GA,4.4,70.7
13045,Carroll,GA,6.4,68.8
13047,Catoosa,GA,4.3,77.2
13049,Charlton,GA,3.8,74.9
13051,Chatham,GA,7.6,39.9
13053,Chattahoochee,GA,6.2,55.6
13055,Chattooga,GA,8.4,80.2
13057,Cherokee,GA,4.9,68.8
13059,Clarke,GA,6.4,28.1
13061,Clay,GA,12.4,44.4
13063,Clayton,GA,10.3,14.1
13065,Clinch,GA,4,73.5
13067,Cobb,GA,5.9,42
13069,Coffee,GA,5.8,69.5
13071,Colquitt,GA,4.5,73.2
13073,Columbia,GA,4.2,62.1
13075,Cook,GA,4.7,69.7
13077,Coweta,GA,6.2,67.1
13079,Crawford,GA,5,72.6
13081,Crisp,GA,7.9,62
13083,Dade,GA,4.1,81.6
13085,Dawson,GA,4.7,83.3
13087,Decatur,GA,4.8,58.1
13089,DeKalb,GA,8,15.7
13091,Dodge,GA,6,72.4
13093,Dooly,GA,7.7,52.6
13095,Dougherty,GA,8.6,29.6
13097,Douglas,GA,7.4,36.8
13099,Early,GA,5.8,52.5
13101,Echols,GA,3.9,87.2
13103,Effingham,GA,5,74
13105,Elbert,GA,6.9,67.9
13107,Emanuel,GA,7.1,69
13109,Evans,GA,5.1,68
13111,Fannin,GA,4.7,81.9
13113,Fayette,GA,5.4,52.7
13115,Floyd,GA,6.3,69.9
13117,Forsyth,GA,4.6,65.8
13119,Franklin,GA,5.9,84.2
13121,Fulton,GA,8,26.2
13123,Gilmer,GA,4.7,81.3
13125,Glascock,GA,4.1,89.6
13127,Glynn,GA,6.8,61
13129,Gordon,GA,5.5,80.7
13131,Grady,GA,4.4,65.7
13133,Greene,GA,5.9,62.8
13135,Gwinnett,GA,6.3,40.2
13137,Habersham,GA,5.4,81.4
13139,Hall,GA,4.7,70.9
13141,Hancock,GA,8.8,27.8
13143,Haralson,GA,5.9,86.5
13145,Harris,GA,4.6,71.6
13147,Hart,GA,5.4,74.4
13149,Heard,GA,6.5,83.8
13151,Henry,GA,7.4,39.3
13153,Houston,GA,5.2,55.5
13155,Irwin,GA,5.5,75.2
13157,Jackson,GA,4.4,78.3
13159,Jasper,GA,4.9,76.2
13161,Jeff Davis,GA,5.1,81.4
13163,Jefferson,GA,6.7,46.3
13165,Jenkins,GA,6.3,62.5
13167,Johnson,GA,4.9,69.5
13169,Jones,GA,4.6,66.6
13171,Lamar,GA,6.3,70
13173,Lanier,GA,5.2,70.2
13175,Laurens,GA,6.7,63.8
13177,Lee,GA,4.6,71.8
13179,Liberty,GA,6.2,37.2
13181,Lincoln,GA,5.4,68.4
13183,Long,GA,4.4,62.4
13185,Lowndes,GA,6,55.4
13187,Lumpkin,GA,4.8,78.3
13189,McDuffie,GA,7.8,59
13191,McIntosh,GA,5.7,60
13193,Macon,GA,6.7,38.2
13195,Madison,GA,5.2,75.8
13197,Marion,GA,5.1,62.8
13199,Meriwether,GA,8.6,60
13201,Miller,GA,4,72.9
13205,Mitchell,GA,6.5,55.1
13207,Monroe,GA,5.1,70.9
13209,Montgomery,GA,5.4,74.6
13211,Morgan,GA,5.4,70.3
13213,Murray,GA,7.6,84.1
13215,Muscogee,GA,7.8,37.3
13217,Newton,GA,7.1,44
13219,Oconee,GA,3.8,65.9
13221,Oglethorpe,GA,4.8,68.8
13223,Paulding,GA,5.4,63.9
13225,Peach,GA,6.2,51.8
13227,Pickens,GA,4.8,82.2
13229,Pierce,GA,4.5,87.3
13231,Pike,GA,5,85.1
13233,Polk,GA,6,78.1
13235,Pulaski,GA,4.5,69.1
13237,Putnam,GA,6.6,69.9
13239,Quitman,GA,6.5,54.6
13241,Rabun,GA,5.3,78.1
13243,Randolph,GA,5.9,45.3
13245,Richmond,GA,7.6,30.8
13247,Rockdale,GA,7.6,29.1
13249,Schley,GA,4.3,79.1
13251,Screven,GA,8.2,59.1
13253,Seminole,GA,5,67.2
13255,Spalding,GA,7.6,60
13257,Stephens,GA,6.4,78.8
13259,Stewart,GA,5.7,40.3
13261,Sumter,GA,7.4,47.2
13263,Talbot,GA,6.9,39.5
13265,Taliaferro,GA,7.2,38.8
13267,Tattnall,GA,4.3,74
13269,Taylor,GA,6.7,63
13271,Telfair,GA,9.9,65.2
13273,Terrell,GA,7.5,45.4
13275,Thomas,GA,6.2,59.3
13277,Tift,GA,5.1,66.2
13279,Toombs,GA,6.6,72.1
13281,Towns,GA,6.7,80
13283,Treutlen,GA,6,68.3
13285,Troup,GA,7.3,60.4
13287,Turner,GA,7.2,61.9
13289,Twiggs,GA,7.4,53.3
13291,Union,GA,4.4,81.3
13293,Upson,GA,6.6,66.7
13295,Walker,GA,4.9,78.9
13297,Walton,GA,5.4,74.1
13299,Ware,GA,5.6,69.5
13301,Warren,GA,6.8,44
13303,Washington,GA,6.4,49.3
13305,Wayne,GA,5.6,78.2
13307,Webster,GA,5.7,53.8
13309,Wheeler,GA,7.2,69.3
13311,White,GA,4.4,82.5
13313,Whitfield,GA,7.3,69.8
13315,Wilcox,GA,5.7,73.2
13317,Wilkes,GA,6.7,56.1
13319,Wilkinson,GA,5.4,55.8
13321,Worth,GA,5.4,73.6
16001,Ada,ID,5.4,50.4
16003,Adams,ID,9.3,75.1
16005,Bannock,ID,4.9,59
16007,Bear Lake,ID,4.2,87.9
16009,Benewah,ID,7.5,78
16011,Bingham,ID,3.9,76.5
16013,Blaine,ID,7.8,30.3
16015,Boise,ID,8,72.3
16017,Bonner,ID,7.5,67.2
16019,Bonneville,ID,4,70
16021,Boundary,ID,6.2,78.2
16023,Butte,ID,3.6,84.9
16025,Camas,ID,4.8,67.2
16027,Canyon,ID,5.9,68.3
16029,Caribou,ID,3.6,85.1
16031,Cassia,ID,3.7,82.1
16033,Clark,ID,4,84.9
16035,Clearwater,ID,8.2,78.1
16037,Custer,ID,5,76.3
16039,Elmore,ID,4.8,71
16041,Franklin,ID,3.6,87.7
16043,Fremont,ID,3.6,82.6
16045,Gem,ID,5.9,79.8
16047,Gooding,ID,3.8,77
16049,Idaho,ID,6.7,81.5
16051,Jefferson,ID,3.4,85.4
16053,Jerome,ID,4,73.4
16055,Kootenai,ID,6.9,70.2
16057,Latah,ID,4.7,46
16059,Lemhi,ID,6.7,75.8
16061,Lewis,ID,7.7,79.6
16063,Lincoln,ID,5.8,75.7
16065,Madison,ID,2.7,79.2
16067,Minidoka,ID,3.8,78.4
16069,Nez Perce,ID,4.9,65.5
16071,Oneida,ID,4.2,87.6
16073,Owyhee,ID,6,80.5
16075,Payette,ID,5.3,78.5
16077,Power,ID,4.1,68.8
16079,Shoshone,ID,9.1,69.7
16081,Teton,ID,5.7,45
16083,Twin Falls,ID,5.3,70.9
16085,Valley,ID,7.9,55.9
16087,Washington,ID,5.4,77.7
17001,Adams,IL,6.3,72.2
17003,Alexander,IL,9.8,56.8
17005,Bond,IL,6.8,69.1
17007,Boone,IL,11.2,55.6
17009,Brown,IL,3.8,76.6
17011,Bureau,IL,7.6,59.7
17013,Calhoun,IL,7.6,73.8
17015,Carroll,IL,7.2,63.6
17017,Cass,IL,6.7,68.2
17019,Champaign,IL,6.4,37.1
17021,Christian,IL,8.1,71.4
17023,Clark,IL,7.9,74.5
17025,Clay,IL,9.4,81.7
17027,Clinton,IL,5.8,74.6
17029,Coles,IL,7.4,62.1
17031,Cook,IL,11.1,24
17033,Crawford,IL,7,74.7
17035,Cumberland,IL,5.7,78.9
17037,DeKalb,IL,8.2,45.8
17039,De Witt,IL,6.5,70.2
17041,Douglas,IL,5.6,71.3
17043,DuPage,IL,7.9,39.9
17045,Edgar,IL,6.6,75.6
17047,Edwards,IL,8.2,84.2
17049,Effingham,IL,6.6,78.8
17051,Fayette,IL,7.5,80.1
17053,Ford,IL,6.4,72.6
17055,Franklin,IL,10.5,73.1
17057,Fulton,IL,8.6,59.2
17059,Gallatin,IL,9.2,75.5
17061,Greene,IL,6.5,76.6
17063,Grundy,IL,8.8,61.9
17065,Hamilton,IL,6.7,79.5
17067,Hancock,IL,6.9,73.6
17069,Hardin,IL,9.2,78.2
17071,Henderson,IL,6.9,65.6
17073,Henry,IL,7.8,59.7
17075,Iroquois,IL,6.2,77.6
17077,Jackson,IL,7.7,48.1
17079,Jasper,IL,6,80.6
17081,Jefferson,IL,10.1,71.7
17083,Jersey,IL,7.4,73
17085,Jo Daviess,IL,8.3,57.3
17087,Johnson,IL,8.9,78.6
17089,Kane,IL,9.1,41.7
17091,Kankakee,IL,8.8,57.2
17093,Kendall,IL,8.4,46.1
17095,Knox,IL,8.6,51.9
17097,Lake,IL,8.1,37
17099,LaSalle,IL,9.4,56.2
17101,Lawrence,IL,8.7,76.2
17103,Lee,IL,6.8,58.7
17105,Livingston,IL,6.7,71.1
17107,Logan,IL,6.7,68.7
17109,McDonough,IL,7.1,57.2
17111,McHenry,IL,8.3,50.2
17113,McLean,IL,6.8,46.6
17115,Macon,IL,9.9,57.9
17117,Macoupin,IL,6.9,67.2
17119,Madison,IL,7.7,55.4
17121,Marion,IL,9.3,72.6
17123,Marshall,IL,7.4,66.3
17125,Mason,IL,8,68.8
17127,Massac,IL,10,73.3
17129,Menard,IL,6.4,68.8
17131,Mercer,IL,8,60.9
17133,Monroe,IL,5.6,66.9
17135,Montgomery,IL,8.7,69.5
17137,Morgan,IL,6.9,65
17139,Moultrie,IL,5,73.6
17141,Ogle,IL,8.1,61.8
17143,Peoria,IL,10.4,45.6
17145,Perry,IL,9.4,72.7
17147,Piatt,IL,5.4,63.6
17149,Pike,IL,6,79.7
17151,Pope,IL,7.9,79.2
17153,Pulaski,IL,11.7,64.7
17155,Putnam,IL,8.3,58.8
17157,Randolph,IL,7.1,74.4
17159,Richland,IL,6.8,75.5
17161,Rock Island,IL,9.4,42.8
17163,St. Clair,IL,9,44.6
17165,Saline,IL,9.7,73.2
17167,Sangamon,IL,8.2,51.1
17169,Schuyler,IL,6.2,71
17171,Scott,IL,6.6,77.2
17173,Shelby,IL,6.4,77.9
17175,Stark,IL,7.3,69.5
17177,Stephenson,IL,7.3,56.8
17179,Tazewell,IL,8.1,61.6
17181,Union,IL,8.1,69.3
17183,Vermilion,IL,8.8,65.6
17185,Wabash,IL,8.3,75.8
17187,Warren,IL,6.2,59.1
17189,Washington,IL,5.3,77.4
17191,Wayne,IL,8.3,84.6
17193,White,IL,7.6,78
17195,Whiteside,IL,8,53.1
17197,Will,IL,9.5,44.9
17199,Williamson,IL,8.7,67.8
17201,Winnebago,IL,11.4,47.7
17203,Woodford,IL,6.1,69.1
18001,Adams,IN,5.6,75.2
18003,Allen,IN,7.7,54.5
18005,Bartholomew,IN,6.5,61.8
18007,Benton,IN,5.2,73.1
18009,Blackford,IN,8,71.8
18011,Boone,IN,4.3,58
18013,Brown,IN,6.7,64.3
18015,Carroll,IN,6,74.6
18017,Cass,IN,6.8,69.4
18019,Clark,IN,7.2,58.2
18021,Clay,IN,6.6,77.4
18023,Clinton,IN,5.6,72.1
18025,Crawford,IN,7.1,70.4
18027,Daviess,IN,3.8,80.1
18029,Dearborn,IN,6.9,76.9
18031,Decatur,IN,7.5,77.9
18033,DeKalb,IN,6.9,72.5
18035,Delaware,IN,7.3,55.7
18037,Dubois,IN,4.5,69.1
18039,Elkhart,IN,7.5,63.1
18041,Fayette,IN,9.9,76.5
18043,Floyd,IN,6.5,56
18045,Fountain,IN,6.5,77.1
18047,Franklin,IN,5.9,80.8
18049,Fulton,IN,6.6,73.2
18051,Gibson,IN,6.2,73.1
18053,Grant,IN,6.3,68.3
18055,Greene,IN,6.2,75.1
18057,Hamilton,IN,4.7,52.4
18059,Hancock,IN,5.6,67.6
18061,Harrison,IN,6.3,72
18063,Hendricks,IN,5,60.8
18065,Henry,IN,6.6,71.5
18067,Howard,IN,10.9,65.1
18069,Huntington,IN,6.6,73.7
18071,Jackson,IN,7.2,75.7
18073,Jasper,IN,7,73.6
18075,Jay,IN,6.6,75.2
18077,Jefferson,IN,7.4,65.7
18079,Jennings,IN,7.6,77.5
18081,Johnson,IN,5.6,66
18083,Knox,IN,5.9,72.8
18085,Kosciusko,IN,6.1,74
18087,LaGrange,IN,6.4,76.3
18089,Lake,IN,10.3,41.7
18091,LaPorte,IN,9.5,52.6
18093,Lawrence,IN,6.9,74.2
18095,Madison,IN,7.9,60.3
18097,Marion,IN,7.9,34.4
18099,Marshall,IN,6.4,69.5
18101,Martin,IN,4.2,78.3
18103,Miami,IN,8.2,75.5
18105,Monroe,IN,5.5,34.9
18107,Montgomery,IN,5.2,73.6
18109,Morgan,IN,5.4,76.1
18111,Newton,IN,6.9,75
18113,Noble,IN,8.4,74
18115,Ohio,IN,7.4,66.8
18117,Orange,IN,11.1,72.8
18119,Owen,IN,6.3,73.6
18121,Parke,IN,5.5,77
18123,Perry,IN,6.5,61.3
18125,Pike,IN,5.9,75.4
18127,Porter,IN,8.1,52
18129,Posey,IN,4.9,69.6
18131,Pulaski,IN,6.1,73.1
18133,Putnam,IN,6.2,74
18135,Randolph,IN,6.6,75.1
18137,Ripley,IN,6.4,78.9
18139,Rush,IN,6.3,76.1
18141,St. Joseph,IN,8.4,46.1
18143,Scott,IN,8.4,72.1
18145,Shelby,IN,7.1,72.9
18147,Spencer,IN,5.6,68.3
18149,Starke,IN,8,72.6
18151,Steuben,IN,6.2,70.1
18153,Sullivan,IN,7,74.4
18155,Switzerland,IN,8.1,75.4
18157,Tippecanoe,IN,6.3,48.4
18159,Tipton,IN,6.1,75.3
18161,Union,IN,5.5,77.2
18163,Vanderburgh,IN,7.2,53.9
18165,Vermillion,IN,7.5,69.3
18167,Vigo,IN,7.9,56.3
18169,Wabash,IN,6.1,73.8
18171,Warren,IN,5.4,76.1
18173,Warrick,IN,5.4,63
18175,Washington,IN,6.9,75.1
18177,Wayne,IN,6.8,63.5
18179,Wells,IN,5.7,77.3
18181,White,IN,5,71.3
18183,Whitley,IN,5.9,73.3
19001,Adair,IA,4,70
19003,Adams,IA,3.8,71.1
19005,Allamakee,IA,5.1,63.9
19007,Appanoose,IA,5.3,69.4
19009,Audubon,IA,3.4,67.2
19011,Benton,IA,5,62.9
19013,Black Hawk,IA,6.2,44.8
19015,Boone,IA,4.1,56.9
19017,Bremer,IA,3.9,57.2
19019,Buchanan,IA,4.6,59.7
19021,Buena Vista,IA,3.7,62.1
19023,Butler,IA,4.7,68.6
19025,Calhoun,IA,4.1,70.3
19027,Carroll,IA,4,68.5
19029,Cass,IA,3.9,68.4
19031,Cedar,IA,4.4,57.8
19033,Cerro Gordo,IA,5.2,52.5
19035,Cherokee,IA,3.8,69.2
19037,Chickasaw,IA,4.7,65.2
19039,Clarke,IA,5.4,67.5
19041,Clay,IA,4.5,68.7
19043,Clayton,IA,5.7,63.8
19045,Clinton,IA,6.7,54.3
19047,Crawford,IA,5.2,68
19049,Dallas,IA,3.6,50.3
19051,Davis,IA,4,74
19053,Decatur,IA,3.8,68.8
19055,Delaware,IA,4,66.9
19057,Des Moines,IA,7.5,53.3
19059,Dickinson,IA,5.1,66.3
19061,Dubuque,IA,5.9,50.7
19063,Emmet,IA,5,67.3
19065,Fayette,IA,5.5,60.6
19067,Floyd,IA,6,59.1
19069,Franklin,IA,3.8,66.9
19071,Fremont,IA,3.1,70.4
19073,Greene,IA,4.2,63.9
19075,Grundy,IA,4.4,68
19077,Guthrie,IA,5,67.2
19079,Hamilton,IA,4.4,62.7
19081,Hancock,IA,4.7,71.3
19083,Hardin,IA,4.6,65.2
19085,Harrison,IA,4,68.4
19087,Henry,IA,5.3,65.4
19089,Howard,IA,4.5,63.2
19091,Humboldt,IA,4.2,71.8
19093,Ida,IA,3.6,75
19095,Iowa,IA,4.4,61.9
19097,Jackson,IA,6.1,62.5
19099,Jasper,IA,5.3,60.1
19101,Jefferson,IA,5.7,50
19103,Johnson,IA,4.8,27.7
19105,Jones,IA,5.7,60
19107,Keokuk,IA,4.9,71.8
19109,Kossuth,IA,3.8,69.2
19111,Lee,IA,6.5,58.6
19113,Linn,IA,6.4,42.2
19115,Louisa,IA,5,65.8
19117,Lucas,IA,3.6,71.2
19119,Lyon,IA,2.5,83.3
19121,Madison,IA,5.7,66.4
19123,Mahaska,IA,4.8,73
19125,Marion,IA,4.2,66.2
19127,Marshall,IA,7.1,53
19129,Mills,IA,3.9,67.9
19131,Mitchell,IA,3.4,63.3
19133,Monona,IA,4.8,69
19135,Monroe,IA,5.2,72.8
19137,Montgomery,IA,4.7,68.8
19139,Muscatine,IA,6,52.6
19141,O'Brien,IA,3.4,77.8
19143,Osceola,IA,2.9,81
19145,Page,IA,5,70.8
19147,Palo Alto,IA,4.6,68.1
19149,Plymouth,IA,3.6,74.1
19151,Pocahontas,IA,3.5,74.1
19153,Polk,IA,6,41.6
19155,Pottawattamie,IA,5.2,57.6
19157,Poweshiek,IA,4.9,55.9
19159,Ringgold,IA,3.9,72.7
19161,Sac,IA,3.5,73.5
19163,Scott,IA,6.8,47.5
19165,Shelby,IA,3.6,69.3
19167,Sioux,IA,2.7,82.8
19169,Story,IA,3.6,40.2
19171,Tama,IA,5.1,58.9
19173,Taylor,IA,3.7,76
19175,Union,IA,5.9,65.1
19177,Van Buren,IA,4.6,75.7
19179,Wapello,IA,6,61
19181,Warren,IA,4.6,57.6
19183,Washington,IA,4.1,59.4
19185,Wayne,IA,4.5,75.4
19187,Webster,IA,5.2,61.6
19189,Winnebago,IA,6.4,62.4
19191,Winneshiek,IA,4.9,51.9
19193,Woodbury,IA,5.3,57.2
19195,Worth,IA,5.4,62.1
19197,Wright,IA,4,66.3
20001,Allen,KS,5.4,71.6
20003,Anderson,KS,4.1,77.2
20005,Atchison,KS,6.9,65.9
20007,Barber,KS,3.4,86
20009,Barton,KS,4.6,77.3
20011,Bourbon,KS,5.6,75.2
20013,Brown,KS,4.5,73
20015,Butler,KS,6.5,69.6
20017,Chase,KS,5.5,75.3
20019,Chautauqua,KS,6.1,85.5
20021,Cherokee,KS,5.2,74.1
20023,Cheyenne,KS,2.2,82.8
20025,Clark,KS,2,84.7
20027,Clay,KS,4.5,76
20029,Cloud,KS,4.1,76
20031,Coffey,KS,5.2,76.4
20033,Comanche,KS,3.5,83.2
20035,Cowley,KS,6.5,67.9
20037,Crawford,KS,5.5,60.3
20039,Decatur,KS,3.7,84.1
20041,Dickinson,KS,4.9,76.2
20043,Doniphan,KS,4.5,80.2
20045,Douglas,KS,6.1,29.1
20047,Edwards,KS,3,79.7
20049,Elk,KS,4.8,83.8
20051,Ellis,KS,3.5,70.7
20053,Ellsworth,KS,3.3,75.3
20055,Finney,KS,3.5,61.3
20057,Ford,KS,3.4,65.1
20059,Franklin,KS,5.4,68
20061,Geary,KS,6.9,55.4
20063,Gove,KS,2.9,87.8
20065,Graham,KS,4.6,80.8
20067,Grant,KS,4.1,77.4
20069,Gray,KS,2.2,83.5
20071,Greeley,KS,1.8,85.6
20073,Greenwood,KS,5.2,79.4
20075,Hamilton,KS,1.7,81.3
20077,Harper,KS,4.4,81
20079,Harvey,KS,5.3,58.8
20081,Haskell,KS,2.4,79.6
20083,Hodgeman,KS,2.7,83.7
20085,Jackson,KS,5.4,68.6
20087,Jefferson,KS,4.9,64.8
20089,Jewell,KS,3.1,85.2
20091,Johnson,KS,5.1,44.8
20093,Kearny,KS,2.7,80
20095,Kingman,KS,5.2,79.3
20097,Kiowa,KS,3.3,84.1
20099,Labette,KS,5.6,67
20101,Lane,KS,2.9,85.1
20103,Leavenworth,KS,5.8,59.2
20105,Lincoln,KS,2.9,81.3
20107,Linn,KS,7,80.2
20109,Logan,KS,2.5,85.7
20111,Lyon,KS,4.8,54
20113,McPherson,KS,3.5,69
20115,Marion,KS,4.1,73.1
20117,Marshall,KS,3.1,72.9
20119,Meade,KS,2.8,83.5
20121,Miami,KS,5,68.6
20123,Mitchell,KS,2.7,80.7
20125,Montgomery,KS,7.3,74
20127,Morris,KS,3.9,73.3
20129,Morton,KS,3,86.3
20131,Nemaha,KS,3,82.1
20133,Neosho,KS,6.4,72.3
20135,Ness,KS,3.4,88.5
20137,Norton,KS,2.7,83.1
20139,Osage,KS,5.1,71
20141,Osborne,KS,2.9,83.8
20143,Ottawa,KS,4.3,81.8
20145,Pawnee,KS,3.8,74.7
20147,Phillips,KS,3.4,86.9
20149,Pottawatomie,KS,4.3,72.2
20151,Pratt,KS,3.6,75.1
20153,Rawlins,KS,2.5,83.8
20155,Reno,KS,5.5,66
20157,Republic,KS,3.3,82.1
20159,Rice,KS,4.2,75.5
20161,Riley,KS,5,46.1
20163,Rooks,KS,4,86.1
20165,Rush,KS,4.6,80.5
20167,Russell,KS,4.2,80.5
20169,Saline,KS,5.5,64.1
20171,Scott,KS,2.5,85.6
20173,Sedgwick,KS,8.7,54.7
20175,Seward,KS,4.4,63.7
20177,Shawnee,KS,5.9,47.2
20179,Sheridan,KS,2.3,88.7
20181,Sherman,KS,3.4,83.2
20183,Smith,KS,2.7,82.8
20185,Stafford,KS,3.7,80.9
20187,Stanton,KS,2.4,79.1
20189,Stevens,KS,2.9,86.7
20191,Sumner,KS,8.1,74.2
20193,Thomas,KS,2.9,82.2
20195,Trego,KS,3.5,83.6
20197,Wabaunsee,KS,4.2,72.9
20199,Wallace,KS,2.2,93.3
20201,Washington,KS,2.5,82
20203,Wichita,KS,2.1,83.5
20205,Wilson,KS,7.8,79.7
20207,Woodson,KS,5.9,79.4
20209,Wyandotte,KS,7.8,33.3
21001,Adair,KY,7.2,83
21003,Allen,KY,5.5,81
21005,Anderson,KY,6.1,72.9
21007,Ballard,KY,6.6,79.4
21009,Barren,KY,7.5,73.1
21011,Bath,KY,8.3,70.8
21013,Bell,KY,7.8,81
21015,Boone,KY,5.4,66.9
21017,Bourbon,KY,5.9,64.2
21019,Boyd,KY,8.3,65.8
21021,Boyle,KY,7.4,61.3
21023,Bracken,KY,6.2,80.1
21025,Breathitt,KY,10.2,75.3
21027,Breckinridge,KY,7.3,75.5
21029,Bullitt,KY,6.4,73.2
21031,Butler,KY,6.9,81
21033,Caldwell,KY,6.2,76.3
21035,Calloway,KY,6.2,65.1
21037,Campbell,KY,5.6,58.3
21039,Carlisle,KY,4.7,81.8
21041,Carroll,KY,5.9,71.4
21043,Carter,KY,9.6,75.7
21045,Casey,KY,6.2,86.2
21047,Christian,KY,7.8,63.2
21049,Clark,KY,6.6,65.2
21051,Clay,KY,8.6,88
21053,Clinton,KY,5.1,86.8
21055,Crittenden,KY,5.5,81.4
21057,Cumberland,KY,4.9,83.7
21059,Daviess,KY,6.1,63
21061,Edmonson,KY,7.7,78.7
21063,Elliott,KY,10.1,75
21065,Estill,KY,7.5,78
21067,Fayette,KY,5.7,38.5
21069,Fleming,KY,7.3,78.3
21071,Floyd,KY,9.2,74.9
21073,Franklin,KY,6.6,49.5
21075,Fulton,KY,6.5,66.3
21077,Gallatin,KY,6,76.8
21079,Garrard,KY,6.3,77.6
21081,Grant,KY,7.1,78.6
21083,Graves,KY,5.9,77.6
21085,Grayson,KY,7.8,78.9
21087,Green,KY,5.4,83.2
21089,Greenup,KY,8.9,71.9
21091,Hancock,KY,6.1,68.6
21093,Hardin,KY,7.1,61
21095,Harlan,KY,11.9,85.4
21097,Harrison,KY,6.1,71.5
21099,Hart,KY,6.4,75.8
21101,Henderson,KY,6.1,61.5
21103,Henry,KY,5.7,72.1
21105,Hickman,KY,5.5,77.9
21107,Hopkins,KY,7.4,73.3
21109,Jackson,KY,8.7,89.2
21111,Jefferson,KY,6.8,39
21113,Jessamine,KY,5.6,65.1
21115,Johnson,KY,8.7,82.9
21117,Kenton,KY,5.8,58.6
21119,Knott,KY,8.5,76.5
21121,Knox,KY,8.2,83
21123,Larue,KY,7.2,77.9
21125,Laurel,KY,6.9,82.7
21127,Lawrence,KY,8.3,81
21129,Lee,KY,7,81.2
21131,Leslie,KY,10.8,89.8
21133,Letcher,KY,10.2,79.1
21135,Lewis,KY,9.5,84.8
21137,Lincoln,KY,7.9,77.8
21139,Livingston,KY,7.5,80.2
21141,Logan,KY,5.5,73.4
21143,Lyon,KY,5.3,73.3
21145,McCracken,KY,7.2,65.1
21147,McCreary,KY,7.3,88
21149,McLean,KY,5.6,76
21151,Madison,KY,6,62.3
21153,Magoffin,KY,16.1,76.6
21155,Marion,KY,7.8,68.5
21157,Marshall,KY,6.1,75.5
21159,Martin,KY,11.6,89
21161,Mason,KY,8,68.8
21163,Meade,KY,7.1,72.2
21165,Menifee,KY,8.9,74.5
21167,Mercer,KY,7.3,72.5
21169,Metcalfe,KY,7.8,79
21171,Monroe,KY,5.4,86.8
21173,Montgomery,KY,8,70.1
21175,Morgan,KY,6.9,77.6
21177,Muhlenberg,KY,8.7,73.8
21179,Nelson,KY,6.9,67.6
21181,Nicholas,KY,6.8,70.9
21183,Ohio,KY,7.2,77.1
21185,Oldham,KY,4.8,59.7
21187,Owen,KY,6.4,78.7
21189,Owsley,KY,7.4,88.1
21191,Pendleton,KY,5.2,79.6
21193,Perry,KY,8.9,76.5
21195,Pike,KY,8.4,79.9
21197,Powell,KY,7.3,73.4
21199,Pulaski,KY,7.3,80.7
21201,Robertson,KY,6.1,77.1
21203,Rockcastle,KY,7.1,84.5
21205,Rowan,KY,7.5,59.6
21207,Russell,KY,8.2,84
21209,Scott,KY,6.3,61.4
21211,Shelby,KY,5.5,63.9
21213,Simpson,KY,7.2,67.4
21215,Spencer,KY,5.8,76.4
21217,Taylor,KY,6,74.9
21219,Todd,KY,4.8,75.9
21221,Trigg,KY,6.9,74.4
21223,Trimble,KY,6.8,74.7
21225,Union,KY,6.3,75.5
21227,Warren,KY,6.6,57.4
21229,Washington,KY,6.2,72
21231,Wayne,KY,6.5,80.4
21233,Webster,KY,6.4,75.2
21235,Whitley,KY,7.1,81.9
21237,Wolfe,KY,7.7,70.4
21239,Woodford,KY,5,55
22001,Acadia Parish,LA,7.3,79.5
22003,Allen Parish,LA,9.2,77.2
22005,Ascension Parish,LA,6.7,65.3
22007,Assumption Parish,LA,10.1,64.7
22009,Avoyelles Parish,LA,8,69.6
22011,Beauregard Parish,LA,6.7,83
22013,Bienville Parish,LA,7.7,55.2
22015,Bossier Parish,LA,6.4,69.7
22017,Caddo Parish,LA,9,45.8
22019,Calcasieu Parish,LA,9,66.6
22021,Caldwell Parish,LA,7.3,83.5
22023,Cameron Parish,LA,5.7,90.9
22025,Catahoula Parish,LA,7.1,72.9
22027,Claiborne Parish,LA,6.6,57.3
22029,Concordia Parish,LA,8.1,62.9
22031,De Soto Parish,LA,7.3,61.8
22033,East Baton Rouge Parish,LA,7.8,42.5
22035,East Carroll Parish,LA,11.7,35.6
22037,East Feliciana Parish,LA,6.7,57.7
22039,Evangeline Parish,LA,7.7,71.7
22041,Franklin Parish,LA,8.1,71.7
22043,Grant Parish,LA,6.5,86.4
22045,Iberia Parish,LA,9.4,65
22047,Iberville Parish,LA,9.8,47.2
22049,Jackson Parish,LA,5.3,70.7
22051,Jefferson Parish,LA,9.3,54.7
22053,Jefferson Davis Parish,LA,7.5,77
22055,Lafayette Parish,LA,7.1,63.3
22057,Lafourche Parish,LA,6.5,79.4
22059,LaSalle Parish,LA,4.7,90.1
22061,Lincoln Parish,LA,6.3,58.7
22063,Livingston Parish,LA,6.4,84.1
22065,Madison Parish,LA,8.4,41.3
22067,Morehouse Parish,LA,9.8,56.2
22069,Natchitoches Parish,LA,6.8,56.5
22071,Orleans Parish,LA,12.2,15
22073,Ouachita Parish,LA,7.4,61.1
22075,Plaquemines Parish,LA,7,67.3
22077,Pointe Coupee Parish,LA,7.8,60.6
22079,Rapides Parish,LA,6.2,65.1
22081,Red River Parish,LA,6.2,58.4
22083,Richland Parish,LA,7.6,66.5
22085,Sabine Parish,LA,5.5,82.8
22087,St. Bernard Parish,LA,10.2,63.3
22089,St. Charles Parish,LA,7.8,63.9
22091,St. Helena Parish,LA,11.5,44.1
22093,St. James Parish,LA,9.7,47.3
22095,St. John the Baptist Parish,LA,11.2,35.2
22097,St. Landry Parish,LA,8.7,56.3
22099,St. Martin Parish,LA,8.1,67.3
22101,St. Mary Parish,LA,9.2,63.9
22103,St. Tammany Parish,LA,6.8,71.1
22105,Tangipahoa Parish,LA,9.5,65.6
22107,Tensas Parish,LA,8.4,46.9
22109,Terrebonne Parish,LA,7.7,74.3
22111,Union Parish,LA,7.1,75.1
22113,Vermilion Parish,LA,7.4,80.3
22115,Vernon Parish,LA,7.1,81.7
22117,Washington Parish,LA,8.2,68.2
22119,Webster Parish,LA,7.9,64.9
22121,West Baton Rouge Parish,LA,7.2,54.5
22123,West Carroll Parish,LA,10.1,85.5
22125,West Feliciana Parish,LA,5.4,61.6
22127,Winn Parish,LA,7.1,74.2
23001,Androscoggin,ME,5.5,49.3
23003,Aroostook,ME,5.5,58.2
23005,Cumberland,ME,5.3,30.4
23007,Franklin,ME,6.1,49.7
23009,Hancock,ME,5.7,42
23011,Kennebec,ME,5,47.8
23013,Knox,ME,5.4,38.3
23015,Lincoln,ME,5.3,43
23017,Oxford,ME,6.7,52.3
23019,Penobscot,ME,5.4,52
23021,Piscataquis,ME,5.5,61.5
23023,Sagadahoc,ME,4.7,40.2
23025,Somerset,ME,6.6,59.7
23027,Waldo,ME,5.2,45.6
23029,Washington,ME,6.2,58
23031,York,ME,5.4,41.8
24001,Allegany,MD,7.8,68.2
24003,Anne Arundel,MD,5.8,41.3
24005,Baltimore,MD,6.8,35.2
24009,Calvert,MD,5.2,51.6
24011,Caroline,MD,5.5,65.1
24013,Carroll,MD,5.1,60
24015,Cecil,MD,5.9,62
24017,Charles,MD,6.7,28.6
24019,Dorchester,MD,6.7,54.9
24021,Frederick,MD,5.9,43.7
24023,Garrett,MD,6.6,76.9
24025,Harford,MD,5.8,54.6
24027,Howard,MD,5.2,26.4
24029,Kent,MD,6.6,48.1
24031,Montgomery,MD,6.3,19
24033,Prince George's,MD,8.2,8.7
24035,Queen Anne's,MD,5.5,61.9
24037,St. Mary's,MD,4.8,55.4
24039,Somerset,MD,8.3,56.6
24041,Talbot,MD,6,48.5
24043,Washington,MD,6.7,59.3
24045,Wicomico,MD,7.5,49.6
24047,Worcester,MD,11.2,58.6
24510,Baltimore city,MD,8.8,10.7
25001,Barnstable,MA,10.2,36.5
25003,Berkshire,MA,9.1,25.2
25005,Bristol,MA,10.2,42.6
25007,Dukes,MA,9.2,20.4
25009,Essex,MA,9.8,34.1
25011,Franklin,MA,7.4,26
25013,Hampden,MA,10.4,39.5
25015,Hampshire,MA,7.2,25.2
25017,Middlesex,MA,7.3,26.1
25019,Nantucket/town,MA,10.3,26.1
25021,Norfolk,MA,8.3,30.5
25023,Plymouth,MA,9.5,39.9
25025,Suffolk,MA,9.7,17.4
25027,Worcester,MA,8.8,39.5
26001,Alcona,MI,9.9,68.6
26003,Alger,MI,10.7,58.8
26005,Allegan,MI,7.3,61.7
26007,Alpena,MI,7.7,63
26009,Antrim,MI,9.7,61.1
26011,Arenac,MI,11.4,67.1
26013,Baraga,MI,11.7,62.2
26015,Barry,MI,7.4,65.4
26017,Bay,MI,9.2,55
26019,Benzie,MI,9.4,53.8
26021,Berrien,MI,8.6,52.8
26023,Branch,MI,8.1,68.5
26025,Calhoun,MI,9.7,54.6
26027,Cass,MI,8.8,63.7
26029,Charlevoix,MI,9.8,57.9
26031,Cheboygan,MI,14.6,64.2
26033,Chippewa,MI,8.9,60.5
26035,Clare,MI,11.5,66.7
26037,Clinton,MI,6.6,52.4
26039,Crawford,MI,10.4,64.7
26041,Delta,MI,8.7,62.4
26043,Dickinson,MI,7,65.9
26045,Eaton,MI,7.7,49.4
26047,Emmet,MI,10.5,54.7
26049,Genesee,MI,11.2,44.6
26051,Gladwin,MI,9.7,67.7
26053,Gogebic,MI,7.7,55.6
26055,Grand Traverse,MI,8.4,50.6
26057,Gratiot,MI,8,63.3
26059,Hillsdale,MI,9.1,73.1
26061,Houghton,MI,7.2,56.1
26063,Huron,MI,8.5,69.1
26065,Ingham,MI,7.5,33
26067,Ionia,MI,7.9,64.1
26069,Iosco,MI,10.5,63.5
26071,Iron,MI,8.1,62.1
26073,Isabella,MI,8.4,50.4
26075,Jackson,MI,9,58.6
26077,Kalamazoo,MI,7.2,39.6
26079,Kalkaska,MI,11.1,69.9
26081,Kent,MI,7.6,45.9
26083,Keweenaw,MI,8.9,55.4
26085,Lake,MI,10.8,62.4
26087,Lapeer,MI,12.5,67.4
26089,Leelanau,MI,8,46.8
26091,Lenawee,MI,9,59.1
26093,Livingston,MI,8.8,60.5
26095,Luce,MI,8.6,70.3
26097,Mackinac,MI,13.4,61.4
26099,Macomb,MI,12,53.4
26101,Manistee,MI,10.8,56.8
26103,Marquette,MI,8.3,43.5
26105,Mason,MI,9.2,59.2
26107,Mecosta,MI,9.1,63
26109,Menominee,MI,6.4,64.4
26111,Midland,MI,7.5,56.4
26113,Missaukee,MI,9.1,75.9
26115,Monroe,MI,8.9,60.5
26117,Montcalm,MI,9.1,68
26119,Montmorency,MI,13.1,71.2
26121,Muskegon,MI,11.4,48.8
26123,Newaygo,MI,8.7,69.4
26125,Oakland,MI,9.3,42.3
26127,Oceana,MI,10.3,63.2
26129,Ogemaw,MI,10.9,69.3
26131,Ontonagon,MI,10.3,62
26133,Osceola,MI,8.3,72.4
26135,Oscoda,MI,11.9,71.1
26137,Otsego,MI,10.3,66.3
26139,Ottawa,MI,6.8,59.8
26141,Presque Isle,MI,11.1,64
26143,Roscommon,MI,12.1,64.4
26145,Saginaw,MI,9.9,49.1
26147,St. Clair,MI,12,64.3
26149,St. Joseph,MI,9.1,64.9
26151,Sanilac,MI,9.7,72.1
26153,Schoolcraft,MI,9.7,65.1
26155,Shiawassee,MI,9.2,59
26157,Tuscola,MI,10.1,68.9
26159,Van Buren,MI,8.3,55.3
26161,Washtenaw,MI,6.4,26
26163,Wayne,MI,13.8,30.3
26165,Wexford,MI,10.2,66.3
27001,Aitkin,MN,8.1,62.4
27003,Anoka,MN,6.3,49.7
27005,Becker,MN,6.2,64.1
27007,Beltrami,MN,6.3,50.4
27009,Benton,MN,6.6,64.6
27011,Big Stone,MN,4.7,62.6
27013,Blue Earth,MN,5.4,46.4
27015,Brown,MN,5.1,65.3
27017,Carlton,MN,7.2,48.1
27019,Carver,MN,5.2,51.2
27021,Cass,MN,9.2,63.5
27023,Chippewa,MN,5.1,64.3
27025,Chisago,MN,6.6,63.4
27027,Clay,MN,4.3,46.7
27029,Clearwater,MN,9.4,71.6
27031,Cook,MN,8.4,31.6
27033,Cottonwood,MN,4.6,68.2
27035,Crow Wing,MN,7.2,63.9
27037,Dakota,MN,6.2,41.8
27039,Dodge,MN,5.4,63.9
27041,Douglas,MN,4.8,65.4
27043,Faribault,MN,6.2,65.6
27045,Fillmore,MN,5,60.1
27047,Freeborn,MN,5.6,57
27049,Goodhue,MN,5.9,56.1
27051,Grant,MN,5.3,62.1
27053,Hennepin,MN,6.6,27.2
27055,Houston,MN,4.3,55.4
27057,Hubbard,MN,7.1,63.3
27059,Isanti,MN,6.8,68
27061,Itasca,MN,8.4,57.4
27063,Jackson,MN,4.8,67.8
27065,Kanabec,MN,8,67.9
27067,Kandiyohi,MN,4.8,61.8
27069,Kittson,MN,4.6,58.6
27071,Koochiching,MN,7.4,59.7
27073,Lac qui Parle,MN,4.7,62.6
27075,Lake,MN,7.3,47.1
27077,Lake of the Woods,MN,6.1,70.8
27079,Le Sueur,MN,6.8,64.1
27081,Lincoln,MN,4.4,68.1
27083,Lyon,MN,4.5,61.9
27085,McLeod,MN,5.7,66.8
27087,Mahnomen,MN,13,49.6
27089,Marshall,MN,6.5,72.8
27091,Martin,MN,5.2,67.9
27093,Meeker,MN,5.2,69.2
27095,Mille Lacs,MN,8.4,67.8
27097,Morrison,MN,6.8,75.8
27099,Mower,MN,5,51.8
27101,Murray,MN,5.1,68.7
27103,Nicollet,MN,4.8,47.2
27105,Nobles,MN,4.2,64.3
27107,Norman,MN,6.3,56.8
27109,Olmsted,MN,5.4,43.4
27111,Otter Tail,MN,5.4,65.4
27113,Pennington,MN,6.2,62.3
27115,Pine,MN,8.6,64.1
27117,Pipestone,MN,4,71.9
27119,Polk,MN,5.6,63.3
27121,Pope,MN,4.5,62.9
27123,Ramsey,MN,6.9,26.1
27125,Red Lake,MN,6.4,66.2
27127,Redwood,MN,5.5,69.7
27129,Renville,MN,5.5,67.3
27131,Rice,MN,5.2,48.9
27133,Rock,MN,3,68.4
27135,Roseau,MN,5.7,72
27137,St. Louis,MN,7.2,41
27139,Scott,MN,5.9,52.1
27141,Sherburne,MN,6.1,65.1
27143,Sibley,MN,5.5,69.4
27145,Stearns,MN,5.7,60.1
27147,Steele,MN,5.5,59.9
27149,Stevens,MN,3.3,59.9
27151,Swift,MN,5.8,63.9
27153,Todd,MN,5.3,73.6
27155,Traverse,MN,4.4,62.9
27157,Wabasha,MN,5.3,62.1
27159,Wadena,MN,7.6,71.9
27161,Waseca,MN,6.2,63.8
27163,Washington,MN,5.6,44.2
27165,Watonwan,MN,4.6,59.7
27167,Wilkin,MN,4.1,67.9
27169,Winona,MN,4.9,48.7
27171,Wright,MN,5.5,63.1
27173,Yellow Medicine,MN,4.6,67.5
28001,Adams,MS,11,41.4
28003,Alcorn,MS,6.2,81.2
28005,Amite,MS,8.4,62.6
28007,Attala,MS,8.3,58.7
28009,Benton,MS,8.3,59.9
28011,Bolivar,MS,8.7,34
28013,Calhoun,MS,8.1,70.2
28015,Carroll,MS,7.7,68.8
28017,Chickasaw,MS,10.9,51.3
28019,Choctaw,MS,6.4,71.1
28021,Claiborne,MS,14.4,13.6
28023,Clarke,MS,8.4,65
28025,Clay,MS,11.6,41
28027,Coahoma,MS,12.5,27.9
28029,Copiah,MS,8.3,48.5
28031,Covington,MS,6.9,62.5
28033,DeSoto,MS,6,61
28035,Forrest,MS,8,54.6
28037,Franklin,MS,8.3,65.5
28039,George,MS,9.1,87.9
28041,Greene,MS,9.7,82.5
28043,Grenada,MS,7.2,55.7
28045,Hancock,MS,8.5,77
28047,Harrison,MS,9.5,61.8
28049,Hinds,MS,9.3,25.1
28051,Holmes,MS,16.2,16.9
28053,Humphreys,MS,14.7,26.7
28055,Issaquena,MS,9.2,45.6
28057,Itawamba,MS,7,87.2
28059,Jackson,MS,9.5,66.5
28061,Jasper,MS,8.9,49.2
28063,Jefferson,MS,18.4,13.6
28065,Jefferson Davis,MS,9.6,40.8
28067,Jones,MS,7.1,70.5
28069,Kemper,MS,9.6,37.8
28071,Lafayette,MS,6.1,55.3
28073,Lamar,MS,6,72.7
28075,Lauderdale,MS,7.5,57.5
28077,Lawrence,MS,8.7,64.8
28079,Leake,MS,7.9,56.8
28081,Lee,MS,8.1,65.5
28083,Leflore,MS,10.7,28.7
28085,Lincoln,MS,7.3,69
28087,Lowndes,MS,8.3,50.7
28089,Madison,MS,6.6,55.3
28091,Marion,MS,7.1,67.9
28093,Marshall,MS,7.6,47.8
28095,Monroe,MS,8.9,64.8
28097,Montgomery,MS,8,57.5
28099,Neshoba,MS,9.3,71.1
28101,Newton,MS,7.9,68.7
28103,Noxubee,MS,11,23.2
28105,Oktibbeha,MS,7.6,45.6
28107,Panola,MS,9.8,51.6
28109,Pearl River,MS,7.3,81.5
28111,Perry,MS,8.7,76.1
28113,Pike,MS,8.9,48.9
28115,Pontotoc,MS,7.8,80.4
28117,Prentiss,MS,7,78.6
28119,Quitman,MS,10.9,31.8
28121,Rankin,MS,5.3,72
28123,Scott,MS,5.8,58.6
28125,Sharkey,MS,10.9,31.5
28127,Simpson,MS,6.8,64.6
28129,Smith,MS,5.8,77.6
28131,Stone,MS,7.5,75.7
28133,Sunflower,MS,11.2,28.9
28135,Tallahatchie,MS,7.4,43.8
28137,Tate,MS,7.7,66.5
28139,Tippah,MS,7,79.7
28141,Tishomingo,MS,6.5,86.8
28143,Tunica,MS,14.9,26
28145,Union,MS,7.1,81.8
28147,Walthall,MS,8.4,59.3
28149,Warren,MS,8.7,49.2
28151,Washington,MS,11,29.4
28153,Wayne,MS,8.7,62.7
28155,Webster,MS,7.4,79.5
28157,Wilkinson,MS,13.4,32.1
28159,Winston,MS,8.7,55.3
28161,Yalobusha,MS,7.9,56.2
28163,Yazoo,MS,9.7,46.3
29001,Adair,MO,5.1,62
29003,Andrew,MO,4,74.4
29005,Atchison,MO,4,78.1
29007,Audrain,MO,5.9,72.6
29009,Barry,MO,6.5,79.7
29011,Barton,MO,4.9,85
29013,Bates,MO,5.3,78.4
29015,Benton,MO,7.3,77.4
29017,Bollinger,MO,5.6,86.4
29019,Boone,MO,4.2,42.4
29021,Buchanan,MO,4.9,61.3
29023,Butler,MO,6.3,80.5
29025,Caldwell,MO,5.4,79.6
29027,Callaway,MO,4.5,70.1
29029,Camden,MO,7,76
29031,Cape Girardeau,MO,5.2,71.7
29033,Carroll,MO,6,81.8
29035,Carter,MO,6.5,84.6
29037,Cass,MO,5.3,64.8
29039,Cedar,MO,4.5,82.2
29041,Chariton,MO,4,76.3
29043,Christian,MO,4.9,74.6
29045,Clark,MO,6,78.7
29047,Clay,MO,6.1,51
29049,Clinton,MO,5.9,71.6
29051,Cole,MO,4.4,66
29053,Cooper,MO,5.6,72.2
29055,Crawford,MO,6.4,79.5
29057,Dade,MO,4.4,82.9
29059,Dallas,MO,5.9,81.7
29061,Daviess,MO,4.2,79.3
29063,DeKalb,MO,4.3,79
29065,Dent,MO,4.8,83.8
29067,Douglas,MO,7.7,84.3
29069,Dunklin,MO,7.3,78.1
29071,Franklin,MO,6.2,70.9
29073,Gasconade,MO,5.8,78.5
29075,Gentry,MO,3.4,79.7
29077,Greene,MO,5.3,59
29079,Grundy,MO,4.6,80.8
29081,Harrison,MO,4.5,83.6
29083,Henry,MO,5.9,74.4
29085,Hickory,MO,5.1,78.1
29087,Holt,MO,3.4,84.3
29089,Howard,MO,4.1,69.8
29091,Howell,MO,6.7,81.4
29093,Iron,MO,7,78.3
29095,Jackson,MO,7.1,51
29097,Jasper,MO,5.7,72.1
29099,Jefferson,MO,6.1,66
29101,Johnson,MO,5.7,67
29103,Knox,MO,4,80.2
29105,Laclede,MO,8.3,82
29107,Lafayette,MO,5.3,72
29109,Lawrence,MO,6.1,80.6
29111,Lewis,MO,4.9,77.1
29113,Lincoln,MO,6.3,75.3
29115,Linn,MO,6.1,76.2
29117,Livingston,MO,3.8,77.9
29119,McDonald,MO,5,82.5
29121,Macon,MO,4.8,77.5
29123,Madison,MO,6.5,80.8
29125,Maries,MO,4.8,81.6
29127,Marion,MO,4.8,74.3
29129,Mercer,MO,3.6,86.6
29131,Miller,MO,6.2,82.2
29133,Mississippi,MO,5.3,74.4
29135,Moniteau,MO,4.2,80.3
29137,Monroe,MO,5.9,77.6
29139,Montgomery,MO,5,77.4
29141,Morgan,MO,6.3,78.4
29143,New Madrid,MO,5.8,75.1
29145,Newton,MO,5.8,77.9
29147,Nodaway,MO,4.6,69.4
29149,Oregon,MO,6.7,81.2
29151,Osage,MO,3.6,85.2
29153,Ozark,MO,7.2,83.6
29155,Pemiscot,MO,8,71.8
29157,Perry,MO,5.7,81.1
29159,Pettis,MO,6.8,72.5
29161,Phelps,MO,4.8,68.9
29163,Pike,MO,5.5,76.2
29165,Platte,MO,5.4,50.5
29167,Polk,MO,4.7,78.7
29169,Pulaski,MO,5.6,71.7
29171,Putnam,MO,4.4,84
29173,Ralls,MO,4.5,77.6
29175,Randolph,MO,5.9,74.6
29177,Ray,MO,6.9,71.6
29179,Reynolds,MO,5.7,82.9
29181,Ripley,MO,7.9,84.6
29183,St. Charles,MO,5.2,57.8
29185,St. Clair,MO,6.1,79.1
29186,Ste. Genevieve,MO,4.9,69.9
29187,St. Francois,MO,7,73.3
29189,St. Louis,MO,6.3,37.2
29195,Saline,MO,4.5,67.8
29197,Schuyler,MO,5.7,80.2
29199,Scotland,MO,3.3,78.6
29201,Scott,MO,5.3,77.7
29203,Shannon,MO,7.3,81
29205,Shelby,MO,4.5,80.6
29207,Stoddard,MO,6,85.5
29209,Stone,MO,9.8,80.1
29211,Sullivan,MO,4.3,79.9
29213,Taney,MO,12.9,78
29215,Texas,MO,5.8,83.8
29217,Vernon,MO,4.4,77.9
29219,Warren,MO,5.8,72
29221,Washington,MO,7.2,80.7
29223,Wayne,MO,6.1,84.8
29225,Webster,MO,5.3,79.2
29227,Worth,MO,4.2,79.2
29229,Wright,MO,7,85.3
29510,St. Louis city,MO,8.5,16
30001,Beaverhead,MT,4,69.3
30003,Big Horn,MT,7.3,46.1
30005,Blaine,MT,4.8,47.1
30007,Broadwater,MT,6.3,77.4
30009,Carbon,MT,6,63.4
30011,Carter,MT,2.9,89.7
30013,Cascade,MT,5.9,58.5
30015,Chouteau,MT,3.9,63.8
30017,Custer,MT,4.8,71.8
30019,Daniels,MT,2.8,78.8
30021,Dawson,MT,5.6,77.9
30023,Deer Lodge,MT,5.1,44.7
30025,Fallon,MT,4,87.3
30027,Fergus,MT,4.6,74.8
30029,Flathead,MT,7.8,63.9
30031,Gallatin,MT,5,44.7
30033,Garfield,MT,2.7,94
30035,Glacier,MT,9.8,33.5
30037,Golden Valley,MT,4.7,82.3
30039,Granite,MT,8.2,67.5
30041,Hill,MT,5,55.1
30043,Jefferson,MT,5.1,65.6
30045,Judith Basin,MT,4.9,77.4
30047,Lake,MT,6.2,56.1
30049,Lewis and Clark,MT,5,50.7
30051,Liberty,MT,2.8,75.8
30053,Lincoln,MT,10.1,73.8
30055,McCone,MT,2.9,84.8
30057,Madison,MT,5.1,68.9
30059,Meagher,MT,4.7,75
30061,Mineral,MT,10.2,71.3
30063,Missoula,MT,6.3,36.9
30065,Musselshell,MT,6.1,84.1
30067,Park,MT,7.4,52.1
30069,Petroleum,MT,3.4,85.6
30071,Phillips,MT,4.9,81.3
30073,Pondera,MT,4.9,67.8
30075,Powder River,MT,3.1,85.4
30077,Powell,MT,4.6,74.1
30079,Prairie,MT,6.8,81
30081,Ravalli,MT,5.8,67.1
30083,Richland,MT,6.4,82.8
30085,Roosevelt,MT,6,49.7
30087,Rosebud,MT,5.7,65.9
30089,Sanders,MT,7.8,74.3
30091,Sheridan,MT,4.8,69.1
30093,Silver Bow,MT,6.6,41.5
30095,Stillwater,MT,5.1,78
30097,Sweet Grass,MT,3.6,75.2
30099,Teton,MT,4.4,70.9
30101,Toole,MT,5,75.3
30103,Treasure,MT,3.6,81.1
30105,Valley,MT,4.3,73.6
30107,Wheatland,MT,7.3,77.1
30109,Wibaux,MT,5.1,86.3
30111,Yellowstone,MT,5.4,60.6
31001,Adams,NE,4,69.1
31003,Antelope,NE,2.3,86.3
31005,Arthur,NE,5.2,91.5
31007,Banner,NE,2.6,88.3
31009,Blaine,NE,3.5,88.3
31011,Boone,NE,2.5,82.5
31013,Box Butte,NE,4.8,77.2
31015,Boyd,NE,2.8,87.6
31017,Brown,NE,2.7,87.6
31019,Buffalo,NE,4,70.5
31021,Burt,NE,3.9,69.2
31023,Butler,NE,3.4,78.7
31025,Cass,NE,4.3,66.2
31027,Cedar,NE,2.7,83.5
31029,Chase,NE,1.8,87.3
31031,Cherry,NE,2.4,87.1
31033,Cheyenne,NE,4.4,80
31035,Clay,NE,3.2,80
31037,Colfax,NE,2.9,70.9
31039,Cuming,NE,2.5,78.8
31041,Custer,NE,2.7,84.9
31043,Dakota,NE,4.8,57.8
31045,Dawes,NE,2.8,71.1
31047,Dawson,NE,3.4,71.1
31049,Deuel,NE,3,84.4
31051,Dixon,NE,3.2,75.7
31053,Dodge,NE,3.5,65.1
31055,Douglas,NE,5.1,43.3
31057,Dundy,NE,2.2,88.4
31059,Fillmore,NE,2.8,75.3
31061,Franklin,NE,3.5,83.4
31063,Frontier,NE,2.9,85.3
31065,Furnas,NE,2.8,83.2
31067,Gage,NE,4,67.3
31069,Garden,NE,3.5,85
31071,Garfield,NE,2,86.8
31073,Gosper,NE,2.6,79.9
31075,Grant,NE,2,93.3
31077,Greeley,NE,2.9,80.8
31079,Hall,NE,5.8,66.4
31081,Hamilton,NE,3.7,77.9
31083,Harlan,NE,2.9,83.8
31085,Hayes,NE,2.2,92.5
31087,Hitchcock,NE,3.5,86
31089,Holt,NE,2.4,86.1
31091,Hooker,NE,2.7,85.1
31093,Howard,NE,4.4,79.6
31095,Jefferson,NE,2.7,70.4
31097,Johnson,NE,3.9,68.1
31099,Kearney,NE,3.2,78.3
31101,Keith,NE,3.2,81.2
31103,Keya Paha,NE,2,90
31105,Kimball,NE,3.5,83.4
31107,Knox,NE,3,79.2
31109,Lancaster,NE,4.2,44.9
31111,Lincoln,NE,3.9,76.4
31113,Logan,NE,2.5,90.4
31115,Loup,NE,2.9,81.5
31117,McPherson,NE,2.7,91.1
31119,Madison,NE,3.9,75.7
31121,Merrick,NE,4,80.3
31123,Morrill,NE,3.6,82.6
31125,Nance,NE,3.2,78.6
31127,Nemaha,NE,3.6,70.9
31129,Nuckolls,NE,2.7,80.6
31131,Otoe,NE,3.5,67.9
31133,Pawnee,NE,2.8,74.9
31135,Perkins,NE,1.8,85.6
31137,Phelps,NE,3,83
31139,Pierce,NE,3.3,86.4
31141,Platte,NE,3.7,77.8
31143,Polk,NE,3,79.6
31145,Red Willow,NE,3.3,83
31147,Richardson,NE,3.2,74.5
31149,Rock,NE,2.1,88.5
31151,Saline,NE,3.6,62.9
31153,Sarpy,NE,4.1,54.3
31155,Saunders,NE,3.7,71.5
31157,Scotts Bluff,NE,4.2,70.8
31159,Seward,NE,4.1,71
31161,Sheridan,NE,2.4,85.8
31163,Sherman,NE,3.2,77.9
31165,Sioux,NE,2.3,88.1
31167,Stanton,NE,3.4,81
31169,Thayer,NE,2.7,77.4
31171,Thomas,NE,4,88.3
31173,Thurston,NE,5.2,50.8
31175,Valley,NE,2.8,81.2
31177,Washington,NE,3.7,69.1
31179,Wayne,NE,2.8,72.7
31181,Webster,NE,3.8,80.5
31183,Wheeler,NE,1.8,87.3
31185,York,NE,3.4,74.7
32001,Churchill,NV,5.6,72.7
32003,Clark,NV,14.7,44.3
32005,Douglas,NV,8.6,63.4
32007,Elko,NV,5.7,76.2
32009,Esmeralda,NV,5.2,82.3
32011,Eureka,NV,3.5,88
32013,Humboldt,NV,4.9,75.6
32015,Lander,NV,4.8,79.5
32017,Lincoln,NV,5.1,84.5
32019,Lyon,NV,8.5,69.2
32021,Mineral,NV,5.6,61
32023,Nye,NV,9.7,69.1
32027,Pershing,NV,4.9,74.6
32029,Storey,NV,8.3,66.3
32031,Washoe,NV,7.8,46.3
32033,White Pine,NV,4.2,77.9
32510,Carson City,NV,8.2,54.2
33001,Belknap,NH,6.9,54.4
33003,Carroll,NH,7.7,48.6
33005,Cheshire,NH,6.1,40.5
33007,Coos,NH,7.9,52.2
33009,Grafton,NH,5.8,36.9
33011,Hillsborough,NH,7,45.3
33013,Merrimack,NH,5.8,44.2
33015,Rockingham,NH,7.1,48.2
33017,Strafford,NH,6.3,41.4
33019,Sullivan,NH,5.4,47.2
34001,Atlantic,NJ,17.8,46
34003,Bergen,NJ,9.6,41.2
34005,Burlington,NJ,8.2,39.5
34007,Camden,NJ,10.1,32.6
34009,Cape May,NJ,13.8,57.5
34011,Cumberland,NJ,10.8,46.4
34013,Essex,NJ,11.7,21.9
34015,Gloucester,NJ,9.3,48.3
34017,Hudson,NJ,10.6,26.3
34019,Hunterdon,NJ,7.2,51.2
34021,Mercer,NJ,7.4,29.2
34023,Middlesex,NJ,8.7,38.3
34025,Monmouth,NJ,8.8,50.7
34027,Morris,NJ,7.8,47.2
34029,Ocean,NJ,9.5,63.8
34031,Passaic,NJ,12.6,41.1
34033,Salem,NJ,9.5,55.5
34035,Somerset,NJ,7.8,38.7
34037,Sussex,NJ,9.4,58.8
34039,Union,NJ,9.9,31.6
34041,Warren,NJ,8.5,57.2
35001,Bernalillo,NM,8.1,36.6
35003,Catron,NM,7.2,73
35005,Chaves,NM,8.1,69.8
35006,Cibola,NM,9.2,44.6
35007,Colfax,NM,7.1,54.4
35009,Curry,NM,5.5,69.2
35011,De Baca,NM,4.9,72.8
35013,Dona Ana,NM,8.3,39.7
35015,Eddy,NM,6.9,75.2
35017,Grant,NM,9,45.4
35019,Guadalupe,NM,6.7,41.9
35021,Harding,NM,4.3,63.2
35023,Hidalgo,NM,5.8,56.7
35025,Lea,NM,11,79
35027,Lincoln,NM,8.8,67.4
35028,Los Alamos,NM,3.7,34.8
35029,Luna,NM,15.9,54.4
35031,McKinley,NM,10.3,29.5
35033,Mora,NM,8,33.6
35035,Otero,NM,8.3,61.6
35037,Quay,NM,7.4,68
35039,Rio Arriba,NM,8.1,32.5
35041,Roosevelt,NM,6.2,70.1
35043,Sandoval,NM,8.6,44.6
35045,San Juan,NM,10,62.9
35047,San Miguel,NM,8.3,29.7
35049,Santa Fe,NM,8.3,22.3
35051,Sierra,NM,9.2,59.6
35053,Socorro,NM,7.1,45.5
35055,Taos,NM,11.6,21.6
35057,Torrance,NM,9.5,65.5
35059,Union,NM,5.1,77.6
35061,Valencia,NM,8.2,53.8
36001,Albany,NY,7.2,33
36003,Allegany,NY,8.1,67.6
36005,Bronx,NY,16,15.7
36007,Broome,NY,8.7,46.8
36009,Cattaraugus,NY,9.4,63.3
36011,Cayuga,NY,7.9,53.1
36013,Chautauqua,NY,8.9,58.3
36015,Chemung,NY,8.8,55.2
36017,Chenango,NY,6.9,60.1
36019,Clinton,NY,8,46.3
36021,Columbia,NY,6.2,40.4
36023,Cortland,NY,7.9,49.3
36025,Delaware,NY,7.2,58
36027,Dutchess,NY,7.7,44
36029,Erie,NY,9.5,41.4
36031,Essex,NY,8.1,46.1
36033,Franklin,NY,8.2,49.8
36035,Fulton,NY,8.6,63.9
36037,Genesee,NY,7.4,64.1
36039,Greene,NY,8.3,56.4
36041,Hamilton,NY,7.9,63.8
36043,Herkimer,NY,8.2,63.8
36045,Jefferson,NY,8.7,58.1
36047,Kings,NY,12.5,22
36049,Lewis,NY,7.7,68.2
36051,Livingston,NY,7.1,57.4
36053,Madison,NY,7.8,53.7
36055,Monroe,NY,8.6,38
36057,Montgomery,NY,8.8,60
36059,Nassau,NY,8.4,44.2
36061,New York,NY,9.5,12.1
36063,Niagara,NY,10.4,53.5
36065,Oneida,NY,8.1,56.2
36067,Onondaga,NY,8.4,38.4
36069,Ontario,NY,7.3,48.3
36071,Orange,NY,8.4,49
36073,Orleans,NY,8.4,66.2
36075,Oswego,NY,8.9,58.6
36077,Otsego,NY,7.2,51
36079,Putnam,NY,7.6,52.9
36081,Queens,NY,12.5,26.8
36083,Rensselaer,NY,7,45.6
36085,Richmond,NY,10.6,56.6
36087,Rockland,NY,8.1,48.3
36089,St. Lawrence,NY,8.2,54.4
36091,Saratoga,NY,6.7,45.9
36093,Schenectady,NY,8.1,40.8
36095,Schoharie,NY,7.1,62.6
36097,Schuyler,NY,8.6,57.4
36099,Seneca,NY,8.2,53
36101,Steuben,NY,8.2,63.4
36103,Suffolk,NY,8.5,49.6
36105,Sullivan,NY,8.8,53.1
36107,Tioga,NY,7.8,58.8
36109,Tompkins,NY,6.2,24.1
36111,Ulster,NY,8,38.3
36113,Warren,NY,8.4,48.6
36115,Washington,NY,7.2,56.4
36117,Wayne,NY,7.4,58.2
36119,Westchester,NY,8.4,31.3
36121,Wyoming,NY,7.5,71.3
36123,Yates,NY,6.5,57.5
37001,Alamance,NC,7.2,53.5
37003,Alexander,NC,7.4,78.5
37005,Alleghany,NC,7.3,74.5
37007,Anson,NC,7.7,47.5
37009,Ashe,NC,6.2,72.4
37011,Avery,NC,6.3,75.8
37013,Beaufort,NC,6.3,62.5
37015,Bertie,NC,6.4,38.9
37017,Bladen,NC,7.2,56.5
37019,Brunswick,NC,8.8,61.9
37021,Buncombe,NC,8.3,38.6
37023,Burke,NC,7.2,69.5
37025,Cabarrus,NC,7,53.9
37027,Caldwell,NC,7.9,75
37029,Camden,NC,5.5,72.4
37031,Carteret,NC,6.2,70.3
37033,Caswell,NC,7.8,58.8
37035,Catawba,NC,8,67.8
37037,Chatham,NC,5.4,43.6
37039,Cherokee,NC,7.9,76.9
37041,Chowan,NC,6.1,57.4
37043,Clay,NC,7.4,74.2
37045,Cleveland,NC,7.8,65.9
37047,Columbus,NC,8.2,63.6
37049,Craven,NC,6.6,58.5
37051,Cumberland,NC,9.5,40.8
37053,Currituck,NC,6.3,72.2
37055,Dare,NC,9.8,57.5
37057,Davidson,NC,7.1,73
37059,Davie,NC,6.8,72
37061,Duplin,NC,5.6,60.7
37063,Durham,NC,6.5,18
37065,Edgecombe,NC,10.6,36.1
37067,Forsyth,NC,7.4,42.3
37069,Franklin,NC,6.8,56
37071,Gaston,NC,8,63.2
37073,Gates,NC,5.7,56.4
37075,Graham,NC,9.9,79.5
37077,Granville,NC,5.9,52.7
37079,Greene,NC,5.6,55.7
37081,Guilford,NC,8.6,37.7
37083,Halifax,NC,9.2,39.1
37085,Harnett,NC,7.5,60.3
37087,Haywood,NC,7.5,62.5
37089,Henderson,NC,6.9,58.6
37091,Hertford,NC,7,32.7
37093,Hoke,NC,8.7,43.7
37095,Hyde,NC,10.2,56.9
37097,Iredell,NC,7.3,65.5
37099,Jackson,NC,7.6,53
37101,Johnston,NC,6.3,61.4
37103,Jones,NC,5.8,59.4
37105,Lee,NC,8,56.8
37107,Lenoir,NC,6.2,51.4
37109,Lincoln,NC,6.6,72.4
37111,McDowell,NC,7,73.4
37113,Macon,NC,6.7,68.5
37115,Madison,NC,6.9,61
37117,Martin,NC,6.9,52.1
37119,Mecklenburg,NC,7.8,31.6
37121,Mitchell,NC,7.8,78.4
37123,Montgomery,NC,6.7,65.5
37125,Moore,NC,7.2,63
37127,Nash,NC,8.4,49.4
37129,New Hanover,NC,7.3,48
37131,Northampton,NC,7.3,39.5
37133,Onslow,NC,7.2,63.8
37135,Orange,NC,5.4,23.7
37137,Pamlico,NC,5.6,63.5
37139,Pasquotank,NC,7.3,49.1
37141,Pender,NC,6.6,64.3
37143,Perquimans,NC,6.7,65.5
37145,Person,NC,7.4,60.2
37147,Pitt,NC,6.8,44.5
37149,Polk,NC,6.2,62.2
37151,Randolph,NC,7.4,77.6
37153,Richmond,NC,9.2,57
37155,Robeson,NC,8.8,58.9
37157,Rockingham,NC,8.4,65.5
37159,Rowan,NC,7.9,67.2
37161,Rutherford,NC,9.3,72.3
37163,Sampson,NC,5.8,60.8
37165,Scotland,NC,12,50.6
37167,Stanly,NC,6.3,75
37169,Stokes,NC,6.4,78.4
37171,Surry,NC,6.9,75.2
37173,Swain,NC,8.5,58.9
37175,Transylvania,NC,6.1,57
37177,Tyrrell,NC,8.9,57.5
37179,Union,NC,6,61.4
37181,Vance,NC,10.1,40
37183,Wake,NC,6.4,35.8
37185,Warren,NC,9.8,36.5
37187,Washington,NC,8.2,44.8
37189,Watauga,NC,6.2,44.9
37191,Wayne,NC,6.5,55.3
37193,Wilkes,NC,6.8,77.8
37195,Wilson,NC,8.9,48.1
37197,Yadkin,NC,7.1,80
37199,Yancey,NC,6.6,66.2
38001,Adams,ND,3.8,77.3
38003,Barnes,ND,3.9,64.1
38005,Benson,ND,6.8,55.8
38007,Billings,ND,3.7,85.2
38009,Bottineau,ND,5.4,74.2
38011,Bowman,ND,3.4,84.2
38013,Burke,ND,5.3,86.1
38015,Burleigh,ND,4.4,68.5
38017,Cass,ND,4.4,49.5
38019,Cavalier,ND,3.5,74.2
38021,Dickey,ND,3.3,71.9
38023,Divide,ND,3.2,75.2
38025,Dunn,ND,4.6,83.4
38027,Eddy,ND,4.7,67.7
38029,Emmons,ND,5,86.5
38031,Foster,ND,3.5,76.6
38033,Golden Valley,ND,3.2,84.9
38035,Grand Forks,ND,4.6,54.8
38037,Grant,ND,2.8,82.9
38039,Griggs,ND,3.1,72.6
38041,Hettinger,ND,4,83.2
38043,Kidder,ND,5.1,83.2
38045,LaMoure,ND,2.6,74.1
38047,Logan,ND,3.2,86.4
38049,McHenry,ND,5.5,78.7
38051,McIntosh,ND,3.3,79.2
38053,McKenzie,ND,7.6,82.7
38055,McLean,ND,4.5,75.8
38057,Mercer,ND,5.8,82.5
38059,Morton,ND,5.1,73.7
38061,Mountrail,ND,5.1,67.8
38063,Nelson,ND,4.5,64.2
38065,Oliver,ND,5.2,86.1
38067,Pembina,ND,5.8,73.9
38069,Pierce,ND,4.3,74.5
38071,Ramsey,ND,4.5,66.6
38073,Ransom,ND,4.1,57.8
38075,Renville,ND,4.9,80.7
38077,Richland,ND,3.9,64.9
38079,Rolette,ND,13.4,33
38081,Sargent,ND,4.4,61.2
38083,Sheridan,ND,6,84.7
38085,Sioux,ND,3.9,21.8
38087,Slope,ND,3.1,89
38089,Stark,ND,7.1,80.5
38091,Steele,ND,3,59.9
38093,Stutsman,ND,3.5,70.2
38095,Towner,ND,2.8,70.7
38097,Traill,ND,3.6,61
38099,Walsh,ND,4.5,69.5
38101,Ward,ND,6,70.7
38103,Wells,ND,4.4,79.7
38105,Williams,ND,9.6,81.9
39001,Adams,OH,9.2,81.3
39003,Allen,OH,8.5,69
39005,Ashland,OH,6.5,73.5
39007,Ashtabula,OH,8.3,60.9
39009,Athens,OH,7.3,41.7
39011,Auglaize,OH,6.9,80.7
39013,Belmont,OH,10.1,71.2
39015,Brown,OH,8.2,78.1
39017,Butler,OH,7.2,61.3
39019,Carroll,OH,8.8,75.6
39021,Champaign,OH,7.1,73
39023,Clark,OH,8.1,60.8
39025,Clermont,OH,6.9,67.5
39027,Clinton,OH,8.3,75.5
39029,Columbiana,OH,9.4,71.7
39031,Coshocton,OH,8.9,73.6
39033,Crawford,OH,9.4,74.6
39035,Cuyahoga,OH,10.4,32.4
39037,Darke,OH,6.7,81.1
39039,Defiance,OH,8.2,67.3
39041,Delaware,OH,5.3,52.6
39043,Erie,OH,10.5,54.9
39045,Fairfield,OH,6.6,61
39047,Fayette,OH,7.4,75.1
39049,Franklin,OH,7.4,33.5
39051,Fulton,OH,7.9,69.1
39053,Gallia,OH,8,77.1
39055,Geauga,OH,6.7,60.9
39057,Greene,OH,6.4,58.7
39059,Guernsey,OH,8.7,73.5
39061,Hamilton,OH,7.8,41.3
39063,Hancock,OH,6.8,67.9
39065,Hardin,OH,8.1,75.1
39067,Harrison,OH,9.2,75.7
39069,Henry,OH,8.1,71
39071,Highland,OH,8.7,79.7
39073,Hocking,OH,7.4,70.4
39075,Holmes,OH,3.9,83.4
39077,Huron,OH,9.5,69.7
39079,Jackson,OH,8.7,76.4
39081,Jefferson,OH,10.1,68.4
39083,Knox,OH,6.2,71.2
39085,Lake,OH,8.4,56.1
39087,Lawrence,OH,8.5,72.2
39089,Licking,OH,6.5,63.2
39091,Logan,OH,8.3,76.9
39093,Lorain,OH,9.9,50.5
39095,Lucas,OH,10.4,40.8
39097,Madison,OH,5.9,69.7
39099,Mahoning,OH,10.2,50.4
39101,Marion,OH,7.6,68.4
39103,Medina,OH,7.6,61
39105,Meigs,OH,9.6,75.9
39107,Mercer,OH,5.4,81.9
39109,Miami,OH,7,71.4
39111,Monroe,OH,10.6,76.4
39113,Montgomery,OH,8.6,48.1
39115,Morgan,OH,9.3,73.6
39117,Morrow,OH,7.1,76.3
39119,Muskingum,OH,7.8,68.9
39121,Noble,OH,9.6,81
39123,Ottawa,OH,9.1,60.9
39125,Paulding,OH,7.5,74.8
39127,Perry,OH,8.4,74.1
39129,Pickaway,OH,6.8,72.8
39131,Pike,OH,9.4,73.8
39133,Portage,OH,7.3,55.5
39135,Preble,OH,6.7,78.1
39137,Putnam,OH,5.6,82.4
39139,Richland,OH,9,69.1
39141,Ross,OH,8,66.9
39143,Sandusky,OH,8.1,62.8
39145,Scioto,OH,8.7,70.5
39147,Seneca,OH,8.1,66.2
39149,Shelby,OH,7.7,80.9
39151,Stark,OH,8.1,58.5
39153,Summit,OH,8.2,44.5
39155,Trumbull,OH,10.4,54.6
39157,Tuscarawas,OH,7.6,69.2
39159,Union,OH,5.8,64.8
39161,Van Wert,OH,7,77.8
39163,Vinton,OH,9.1,76.8
39165,Warren,OH,6.4,64.6
39167,Washington,OH,8.6,69.6
39169,Wayne,OH,5.9,67.7
39171,Williams,OH,7.8,72.1
39173,Wood,OH,7.1,52.9
39175,Wyandot,OH,7,74.3
40001,Adair,OK,5.8,78.6
40003,Alfalfa,OK,3.6,87.4
40005,Atoka,OK,7,84.6
40007,Beaver,OK,2.7,90.4
40009,Beckham,OK,7.5,85.1
40011,Blaine,OK,5.9,80.4
40013,Bryan,OK,5.1,77.3
40015,Caddo,OK,5.9,71.1
40017,Canadian,OK,6,70.3
40019,Carter,OK,7,75.5
40021,Cherokee,OK,5.4,63.4
40023,Choctaw,OK,7.6,80.6
40025,Cimarron,OK,2,92
40027,Cleveland,OK,5.6,55.7
40029,Coal,OK,6.6,82.8
40031,Comanche,OK,6.7,58.7
40033,Cotton,OK,7,82.3
40035,Craig,OK,5.4,77.7
40037,Creek,OK,6.5,76.4
40039,Custer,OK,5.4,75.4
40041,Delaware,OK,5.3,78.6
40043,Dewey,OK,4.8,90
40045,Ellis,OK,4.5,90.1
40047,Garfield,OK,5.5,75.7
40049,Garvin,OK,6.2,81.3
40051,Grady,OK,6.1,80.2
40053,Grant,OK,3.3,86.1
40055,Greer,OK,7.4,81.3
40057,Harmon,OK,3.5,80.1
40059,Harper,OK,3.3,89.2
40061,Haskell,OK,7.8,83.1
40063,Hughes,OK,7.5,79.8
40065,Jackson,OK,4.1,77.8
40067,Jefferson,OK,6.7,84.9
40069,Johnston,OK,7.7,80.9
40071,Kay,OK,6.7,74.4
40073,Kingfisher,OK,4.3,85.4
40075,Kiowa,OK,5,78
40077,Latimer,OK,10,80.9
40079,Le Flore,OK,7,80.9
40081,Lincoln,OK,5.6,80.7
40083,Logan,OK,5.1,72.3
40085,Love,OK,4.2,81.1
40087,McClain,OK,5.5,79.5
40089,McCurtain,OK,6.6,82.7
40091,McIntosh,OK,8.4,74
40093,Major,OK,4.7,89
40095,Marshall,OK,6.4,80.7
40097,Mayes,OK,5,76.7
40099,Murray,OK,6.2,78.2
40101,Muskogee,OK,6,65.9
40103,Noble,OK,4.1,77.4
40105,Nowata,OK,5.2,82.2
40107,Okfuskee,OK,6.6,75.7
40109,Oklahoma,OK,6.4,49.2
40111,Okmulgee,OK,7.2,67.5
40113,Osage,OK,6.4,68.8
40115,Ottawa,OK,5.7,74.7
40117,Pawnee,OK,6.5,77.6
40119,Payne,OK,5.3,60.1
40121,Pittsburg,OK,7.6,77.3
40123,Pontotoc,OK,5.2,70.5
40125,Pottawatomie,OK,6.1,71.8
40127,Pushmataha,OK,6.7,84.7
40129,Roger Mills,OK,4.8,88.8
40131,Rogers,OK,5.8,76.4
40133,Seminole,OK,7.4,72.1
40135,Sequoyah,OK,6.8,78.7
40137,Stephens,OK,7.7,81.6
40139,Texas,OK,2.3,81.6
40141,Tillman,OK,6.3,76.7
40143,Tulsa,OK,6.6,56.5
40145,Wagoner,OK,5.8,74
40147,Washington,OK,5.9,72.7
40149,Washita,OK,6.7,85.5
40151,Woods,OK,3.4,81.4
40153,Woodward,OK,6.7,84.9
41001,Baker,OR,7.2,74
41003,Benton,OR,5.6,28.2
41005,Clackamas,OR,7.2,42.9
41007,Clatsop,OR,9.6,42.7
41009,Columbia,OR,7.9,53.2
41011,Coos,OR,8.6,58.9
41013,Crook,OR,8.8,73.1
41015,Curry,OR,8.7,56.8
41017,Deschutes,OR,7.9,44.4
41019,Douglas,OR,7.7,67.3
41021,Gilliam,OR,6.1,70.8
41023,Grant,OR,8.3,77.1
41025,Harney,OR,5.9,77.5
41027,Hood River,OR,6.3,30.2
41029,Jackson,OR,7.8,50.2
41031,Jefferson,OR,8.2,60.3
41033,Josephine,OR,7.9,61.5
41035,Klamath,OR,8.7,68.9
41037,Lake,OR,5.6,79.5
41039,Lane,OR,7.9,36.1
41041,Lincoln,OR,10.9,40.6
41043,Linn,OR,7.8,59.9
41045,Malheur,OR,5.2,69.4
41047,Marion,OR,6.9,47.7
41049,Morrow,OR,5.2,70.1
41051,Multnomah,OR,8.6,17.9
41053,Polk,OR,6.6,49.1
41055,Sherman,OR,6.1,76.2
41057,Tillamook,OR,8.1,49.5
41059,Umatilla,OR,6.8,64.4
41061,Union,OR,7.8,68.9
41063,Wallowa,OR,7.1,66.1
41065,Wasco,OR,7.1,49.8
41067,Washington,OR,6.5,30.9
41069,Wheeler,OR,4.3,73.7
41071,Yamhill,OR,6.8,50.2
42001,Adams,PA,6.9,66.4
42003,Allegheny,PA,9,39.2
42005,Armstrong,PA,9.8,75.6
42007,Beaver,PA,10.3,58.2
42009,Bedford,PA,9.1,83.5
42011,Berks,PA,9.5,53.4
42013,Blair,PA,8.7,71.2
42015,Bradford,PA,7.5,71.6
42017,Bucks,PA,8.3,47.3
42019,Butler,PA,7.9,65.6
42021,Cambria,PA,9.5,68.1
42023,Cameron,PA,12.6,72.8
42025,Carbon,PA,9.8,65.4
42027,Centre,PA,5.8,46.9
42029,Chester,PA,6.4,40.9
42031,Clarion,PA,8.2,74.8
42033,Clearfield,PA,9.2,74.1
42035,Clinton,PA,8.7,67.5
42037,Columbia,PA,8.1,64.5
42039,Crawford,PA,8.9,68
42041,Cumberland,PA,6.7,54.5
42043,Dauphin,PA,8.8,45.1
42045,Delaware,PA,9.1,36.1
42047,Elk,PA,12.3,71.8
42049,Erie,PA,9.8,48.8
42051,Fayette,PA,11.7,66.3
42053,Forest,PA,10.6,71.1
42055,Franklin,PA,7.6,70.9
42057,Fulton,PA,11.5,85.5
42059,Greene,PA,9.7,71.2
42061,Huntingdon,PA,10.4,74.9
42063,Indiana,PA,9.1,68.2
42065,Jefferson,PA,8.8,78.7
42067,Juniata,PA,7.2,80.1
42069,Lackawanna,PA,9.6,45.3
42071,Lancaster,PA,7.5,57.2
42073,Lawrence,PA,10.3,64.2
42075,Lebanon,PA,7.9,65.2
42077,Lehigh,PA,9.6,45.6
42079,Luzerne,PA,10.9,56.7
42081,Lycoming,PA,8.8,70
42083,McKean,PA,9.9,72.3
42085,Mercer,PA,9.7,62.4
42087,Mifflin,PA,8.4,77.5
42089,Monroe,PA,11.5,46.2
42091,Montgomery,PA,7.6,36.4
42093,Montour,PA,6.1,59.8
42095,Northampton,PA,9,49.1
42097,Northumberland,PA,9.4,68.5
42099,Perry,PA,6.8,74.2
42101,Philadelphia/city,PA,12.4,17.9
42103,Pike,PA,10.6,59
42105,Potter,PA,9.3,79.9
42107,Schuylkill,PA,9.2,69.2
42109,Snyder,PA,7.6,73.1
42111,Somerset,PA,9.5,77.6
42113,Sullivan,PA,8.5,72.9
42115,Susquehanna,PA,7.3,69.9
42117,Tioga,PA,9,74.7
42119,Union,PA,6.8,61.4
42121,Venango,PA,8.9,70
42123,Warren,PA,8.1,68.9
42125,Washington,PA,9.4,60.8
42127,Wayne,PA,9.2,66.3
42129,Westmoreland,PA,9.1,63.6
42131,Wyoming,PA,8.4,66.9
42133,York,PA,8,61.5
44001,Bristol,RI,7.6,34.3
44003,Kent,RI,8.7,45.1
44005,Newport,RI,8.2,34.1
44007,Providence,RI,10.2,37.6
44009,Washington,RI,7.8,39.2
45001,Abbeville,SC,6.6,66.1
45003,Aiken,SC,5,60.6
45005,Allendale,SC,9.4,23.2
45007,Anderson,SC,5.9,70.3
45009,Bamberg,SC,9,37.3
45011,Barnwell,SC,7.4,53.2
45013,Beaufort,SC,5.4,54.4
45015,Berkeley,SC,5.6,54.9
45017,Calhoun,SC,6.1,51.9
45019,Charleston,SC,6.3,42.6
45021,Cherokee,SC,8.1,71.4
45023,Chester,SC,8.9,55
45025,Chesterfield,SC,6.1,59.8
45027,Clarendon,SC,6.8,50
45029,Colleton,SC,6.1,54.1
45031,Darlington,SC,6.5,51.9
45033,Dillon,SC,6.1,50.2
45035,Dorchester,SC,5.8,54.2
45037,Edgefield,SC,5.1,61.5
45039,Fairfield,SC,7.9,38.1
45041,Florence,SC,5.6,50.6
45043,Georgetown,SC,7.5,55.9
45045,Greenville,SC,5.7,58.1
45047,Greenwood,SC,6.4,60.7
45049,Hampton,SC,5,42
45051,Horry,SC,8.6,66.1
45053,Jasper,SC,5.1,49.2
45055,Kershaw,SC,5.3,60.9
45057,Lancaster,SC,6.9,60.8
45059,Laurens,SC,6.9,65.6
45061,Lee,SC,7.6,35.7
45063,Lexington,SC,4.4,64.2
45065,McCormick,SC,6.7,51.9
45067,Marion,SC,7.8,38.8
45069,Marlboro,SC,9.8,44.1
45071,Newberry,SC,4.8,61.4
45073,Oconee,SC,5.4,73
45075,Orangeburg,SC,9,33
45077,Pickens,SC,5.3,74.6
45079,Richland,SC,5.8,30.1
45081,Saluda,SC,4.3,67
45083,Spartanburg,SC,6.6,62.9
45085,Sumter,SC,6.8,42.9
45087,Union,SC,9,61.7
45089,Williamsburg,SC,8.1,34.6
45091,York,SC,6.1,57.4
46003,Aurora,SD,3.2,74.9
46005,Beadle,SD,3.9,67.9
46007,Bennett,SD,5,58.7
46009,Bon Homme,SD,4.1,74.5
46011,Brookings,SD,4.4,54.9
46013,Brown,SD,4.4,60.3
46015,Brule,SD,4.4,70.3
46017,Buffalo,SD,8,33.3
46019,Butte,SD,5.4,77.7
46021,Campbell,SD,3.7,85.6
46023,Charles Mix,SD,6.3,67.5
46025,Clark,SD,3.9,74.2
46027,Clay,SD,4.5,43.1
46029,Codington,SD,4.9,68.1
46031,Corson,SD,5,50.4
46033,Custer,SD,6,70.1
46035,Davison,SD,4.2,66.4
46037,Day,SD,5.7,63.1
46039,Deuel,SD,5.4,72.3
46041,Dewey,SD,7.7,40.2
46043,Douglas,SD,3,86
46045,Edmunds,SD,2.9,77.5
46047,Fall River,SD,6,71.2
46049,Faulk,SD,3.5,81.6
46051,Grant,SD,4,69.9
46053,Gregory,SD,3.8,78.4
46055,Haakon,SD,2.5,90.2
46057,Hamlin,SD,3.5,76.9
46059,Hand,SD,2.7,78.1
46061,Hanson,SD,5.2,75.1
46063,Harding,SD,3.6,92
46065,Hughes,SD,3.4,63.3
46067,Hutchinson,SD,3.8,78.2
46069,Hyde,SD,3.1,79.4
46071,Jackson,SD,4.3,66.2
46073,Jerauld,SD,2.5,71.7
46075,Jones,SD,3.7,83.1
46077,Kingsbury,SD,3.7,68.5
46079,Lake,SD,3.8,62.7
46081,Lawrence,SD,6.2,63.3
46083,Lincoln,SD,3.6,60.6
46085,Lyman,SD,5.7,65.2
46087,McCook,SD,3.7,71.3
46089,McPherson,SD,5.1,81.2
46091,Marshall,SD,4.8,59.1
46093,Meade,SD,4.9,72.2
46095,Mellette,SD,6.2,58.4
46097,Miner,SD,4.8,69.2
46099,Minnehaha,SD,4.5,53.3
46101,Moody,SD,5.3,60.9
46102,Oglala Lakota,SD,10.1,9.3
46103,Pennington,SD,5.3,61
46105,Perkins,SD,3.8,83.9
46107,Potter,SD,3.2,82.5
46109,Roberts,SD,6.4,55.8
46111,Sanborn,SD,4.1,76.4
46115,Spink,SD,4.1,66.5
46117,Stanley,SD,3.9,72.8
46119,Sully,SD,2.8,78.1
46121,Todd,SD,6.4,21
46123,Tripp,SD,3.1,80.2
46125,Turner,SD,3.9,72.3
46127,Union,SD,5.1,67.1
46129,Walworth,SD,6.1,76.2
46135,Yankton,SD,4.6,60.4
46137,Ziebach,SD,4.8,44.6
47001,Anderson,TN,6.7,65.2
47003,Bedford,TN,7.9,75.2
47005,Benton,TN,8.2,78.1
47007,Bledsoe,TN,8.6,82.1
47009,Blount,TN,6.4,71.1
47011,Bradley,TN,6.6,76.8
47013,Campbell,TN,7.6,82.6
47015,Cannon,TN,6.5,79.2
47017,Carroll,TN,7.4,77.3
47019,Carter,TN,7,80
47021,Cheatham,TN,5.6,71.3
47023,Chester,TN,5.7,78.5
47025,Claiborne,TN,7,81.9
47027,Clay,TN,8.1,78
47029,Cocke,TN,10.2,81.8
47031,Coffee,TN,7.8,73.6
47033,Crockett,TN,5.9,76.4
47035,Cumberland,TN,7.7,78
47037,Davidson,TN,8,32.4
47039,Decatur,TN,8.6,80.7
47041,DeKalb,TN,9.1,78.4
47043,Dickson,TN,5.9,72.5
47045,Dyer,TN,8,78
47047,Fayette,TN,6.4,68.3
47049,Fentress,TN,6.5,85.2
47051,Franklin,TN,7.9,73.1
47053,Gibson,TN,7,72.8
47055,Giles,TN,8.4,74.1
47057,Grainger,TN,7.2,84.5
47059,Greene,TN,8.3,79.3
47061,Grundy,TN,9.8,82
47063,Hamblen,TN,7.1,76.4
47065,Hamilton,TN,7.1,53.8
47067,Hancock,TN,8.4,86.4
47069,Hardeman,TN,8.2,57.2
47071,Hardin,TN,7.1,82.8
47073,Hawkins,TN,7.7,82.2
47075,Haywood,TN,8.9,44.9
47077,Henderson,TN,8,81.5
47079,Henry,TN,7.5,74.7
47081,Hickman,TN,5.8,77.1
47083,Houston,TN,8.2,73.7
47085,Humphreys,TN,6.4,74.3
47087,Jackson,TN,8,77.4
47089,Jefferson,TN,7.5,79
47091,Johnson,TN,6.5,82.9
47093,Knox,TN,5.9,56.5
47095,Lake,TN,8.8,73.4
47097,Lauderdale,TN,9.2,63.3
47099,Lawrence,TN,7.8,81.9
47101,Lewis,TN,7.5,79.8
47103,Lincoln,TN,8.6,78.7
47105,Loudon,TN,6.4,74
47107,McMinn,TN,7.8,79.7
47109,McNairy,TN,8.7,80.6
47111,Macon,TN,6.5,85.3
47113,Madison,TN,7.5,55.7
47115,Marion,TN,7.6,74.8
47117,Marshall,TN,9.1,74.2
47119,Maury,TN,8.1,67.4
47121,Meigs,TN,8.6,80.7
47123,Monroe,TN,8,80.7
47125,Montgomery,TN,7.6,55
47127,Moore,TN,5.4,81.6
47129,Morgan,TN,6.5,84.2
47131,Obion,TN,7,79.8
47133,Overton,TN,6.3,78.9
47135,Perry,TN,9.5,81
47137,Pickett,TN,6.1,81.2
47139,Polk,TN,6.9,81.2
47141,Putnam,TN,6.6,70.7
47143,Rhea,TN,9.8,81
47145,Roane,TN,6.6,74.2
47147,Robertson,TN,6.1,72.8
47149,Rutherford,TN,6.9,56.6
47151,Scott,TN,8.6,88.4
47153,Sequatchie,TN,7.8,80.7
47155,Sevier,TN,9.6,77.6
47157,Shelby,TN,9.7,34
47159,Smith,TN,6,78.8
47161,Stewart,TN,6.6,78.6
47163,Sullivan,TN,7.2,75.1
47165,Sumner,TN,6.5,68.5
47167,Tipton,TN,6.9,73.5
47169,Trousdale,TN,6.1,73.4
47171,Unicoi,TN,8.3,79.4
47173,Union,TN,6.9,83.7
47175,Van Buren,TN,8.7,80.2
47177,Warren,TN,8.9,74
47179,Washington,TN,6.4,67.2
47181,Wayne,TN,7.1,86.9
47183,Weakley,TN,5.8,75.7
47185,White,TN,7.1,80.8
47187,Williamson,TN,4.8,62.2
47189,Wilson,TN,6.3,67.7
48001,Anderson,TX,5.6,78.6
48003,Andrews,TX,8.2,84.3
48005,Angelina,TX,7.6,72.5
48007,Aransas,TX,8.5,75.2
48009,Archer,TX,5.3,89.7
48011,Armstrong,TX,4.3,93.1
48013,Atascosa,TX,8.4,66.4
48015,Austin,TX,6.6,78.7
48017,Bailey,TX,4.8,77.1
48019,Bandera,TX,5.8,79.1
48021,Bastrop,TX,6,56
48023,Baylor,TX,3.5,87.8
48025,Bee,TX,9.8,63.8
48027,Bell,TX,7,53.3
48029,Bexar,TX,7.5,40
48031,Blanco,TX,3.8,73.1
48033,Borden,TX,3.3,95.4
48035,Bosque,TX,5.5,81.8
48037,Bowie,TX,7.4,70.9
48039,Brazoria,TX,8.6,58.3
48041,Brazos,TX,5.3,55.9
48043,Brewster,TX,6.7,51
48045,Briscoe,TX,4.8,88.1
48047,Brooks,TX,10.7,40.2
48049,Brown,TX,6.5,85.8
48051,Burleson,TX,6.3,78.3
48053,Burnet,TX,4.7,75.9
48055,Caldwell,TX,6.3,53.6
48057,Calhoun,TX,5.8,71.8
48059,Callahan,TX,5.4,88
48061,Cameron,TX,10.2,42.9
48063,Camp,TX,7.4,71.7
48065,Carson,TX,4.2,89
48067,Cass,TX,7.9,79.2
48069,Castro,TX,3.6,76.9
48071,Chambers,TX,9.5,80.1
48073,Cherokee,TX,7.9,77.4
48075,Childress,TX,3.7,85.3
48077,Clay,TX,5.5,88.2
48079,Cochran,TX,7.1,80.9
48081,Coke,TX,5.5,89.2
48083,Coleman,TX,7.4,88.3
48085,Collin,TX,6.3,51.4
48087,Collingsworth,TX,4.3,86
48089,Colorado,TX,5.6,74.9
48091,Comal,TX,6.2,70.6
48093,Comanche,TX,5.5,85.1
48095,Concho,TX,4.5,83.4
48097,Cooke,TX,7.1,82.1
48099,Coryell,TX,6.6,65.7
48101,Cottle,TX,4.9,81.6
48103,Crane,TX,13.6,83
48105,Crockett,TX,8.9,77.5
48107,Crosby,TX,5.2,71.5
48109,Culberson,TX,6.5,48
48111,Dallam,TX,2.8,86.3
48113,Dallas,TX,7.7,33.4
48115,Dawson,TX,8.7,77.9
48117,Deaf Smith,TX,3.6,71.5
48119,Delta,TX,5.5,83.4
48121,Denton,TX,6.5,53.2
48123,DeWitt,TX,6,80.9
48125,Dickens,TX,6.3,86.3
48127,Dimmit,TX,6.4,37.8
48129,Donley,TX,4.4,87.3
48131,Duval,TX,12.1,48.3
48133,Eastland,TX,6.7,87.3
48135,Ector,TX,11,73.3
48137,Edwards,TX,3.5,83.8
48139,Ellis,TX,6,66.3
48141,El Paso,TX,8.3,31.6
48143,Erath,TX,5.7,81.2
48145,Falls,TX,6,68.1
48147,Fannin,TX,4.7,81.1
48149,Fayette,TX,4.7,78.6
48151,Fisher,TX,4.5,79.3
48153,Floyd,TX,6.2,77.7
48155,Foard,TX,4.2,80.8
48157,Fort Bend,TX,7.7,44.1
48159,Franklin,TX,5.3,83.1
48161,Freestone,TX,8.3,80.3
48163,Frio,TX,5.7,53.5
48165,Gaines,TX,5.6,89.3
48167,Galveston,TX,8.7,60.6
48169,Garza,TX,6.8,85.5
48171,Gillespie,TX,4.8,79
48173,Glasscock,TX,3.6,93.6
48175,Goliad,TX,7.7,77.2
48177,Gonzales,TX,5.4,73.6
48179,Gray,TX,8.1,87.9
48181,Grayson,TX,5.9,74.3
48183,Gregg,TX,8.3,67.7
48185,Grimes,TX,8,76
48187,Guadalupe,TX,6.1,61.3
48189,Hale,TX,6.8,74.9
48191,Hall,TX,5.8,85.1
48193,Hamilton,TX,4.5,83.1
48195,Hansford,TX,3.5,90.3
48197,Hardeman,TX,4.4,84.2
48199,Hardin,TX,9,86.3
48201,Harris,TX,8.9,42.7
48203,Harrison,TX,7.9,72.2
48205,Hartley,TX,2.1,89.9
48207,Haskell,TX,4.3,83.1
48209,Hays,TX,6.3,43.6
48211,Hemphill,TX,4.4,86.4
48213,Henderson,TX,6.4,79.6
48215,Hidalgo,TX,11.6,41
48217,Hill,TX,6.3,79.9
48219,Hockley,TX,7.9,80.7
48221,Hood,TX,6.6,81.4
48223,Hopkins,TX,5.1,79.8
48225,Houston,TX,5.3,74.8
48227,Howard,TX,8.1,78.6
48229,Hudspeth,TX,8,66.9
48231,Hunt,TX,6.5,75.6
48233,Hutchinson,TX,7.2,87.6
48235,Irion,TX,6,85.4
48237,Jack,TX,7,90.4
48239,Jackson,TX,5.8,82.3
48241,Jasper,TX,11.2,80.3
48243,Jeff Davis,TX,5.1,60.1
48245,Jefferson,TX,11.9,50.2
48247,Jim Hogg,TX,9.5,40.9
48249,Jim Wells,TX,13,54.5
48251,Johnson,TX,6.5,75.9
48253,Jones,TX,7,84
48255,Karnes,TX,6.3,75.6
48257,Kaufman,TX,6.5,66.3
48259,Kendall,TX,5,75.9
48261,Kenedy,TX,5.4,65.5
48263,Kent,TX,3.9,89
48265,Kerr,TX,5.9,75.3
48267,Kimble,TX,5.1,86.7
48269,King,TX,1.7,95
48271,Kinney,TX,6,71.4
48273,Kleberg,TX,8.4,50.3
48275,Knox,TX,5.6,81
48277,Lamar,TX,6.5,78.2
48279,Lamb,TX,5.2,79.8
48281,Lampasas,TX,5.4,77.8
48283,La Salle,TX,6.8,55.5
48285,Lavaca,TX,5.2,86.3
48287,Lee,TX,4.9,77.3
48289,Leon,TX,7.8,86.7
48291,Liberty,TX,10.6,79.4
48293,Limestone,TX,7.1,74.6
48295,Lipscomb,TX,4.2,89.1
48297,Live Oak,TX,7.5,83.1
48299,Llano,TX,5.7,79.6
48301,Loving,TX,1.7,90.9
48303,Lubbock,TX,5.7,65.3
48305,Lynn,TX,5.4,80.8
48307,McCulloch,TX,7.5,84.5
48309,McLennan,TX,6.2,60.8
48311,McMullen,TX,2.8,89.1
48313,Madison,TX,7.2,78.7
48315,Marion,TX,8.2,71.3
48317,Martin,TX,6.1,86
48319,Mason,TX,5.6,80.5
48321,Matagorda,TX,10.5,71.7
48323,Maverick,TX,15,44.8
48325,Medina,TX,6.3,69
48327,Menard,TX,5.2,80.1
48329,Midland,TX,8.1,77.5
48331,Milam,TX,7.1,75.5
48333,Mills,TX,4.1,88.5
48335,Mitchell,TX,7.9,84.1
48337,Montague,TX,6.6,87.7
48339,Montgomery,TX,7.5,71.2
48341,Moore,TX,3.8,79.1
48343,Morris,TX,11.4,69.3
48345,Motley,TX,4.6,92.6
48347,Nacogdoches,TX,6.6,64.9
48349,Navarro,TX,6.2,72.2
48351,Newton,TX,11,80.1
48353,Nolan,TX,5.3,77.1
48355,Nueces,TX,9,50.8
48357,Ochiltree,TX,5.8,89.1
48359,Oldham,TX,3.9,90.9
48361,Orange,TX,10.5,81.1
48363,Palo Pinto,TX,7,81.5
48365,Panola,TX,8.4,81.4
48367,Parker,TX,5.9,81.5
48369,Parmer,TX,2.6,80.6
48371,Pecos,TX,8.1,68.9
48373,Polk,TX,8.7,76.8
48375,Potter,TX,5.5,68.5
48377,Presidio,TX,14.7,32.5
48379,Rains,TX,4.7,85.2
48381,Randall,TX,4.5,78.5
48383,Reagan,TX,9.7,83.8
48385,Real,TX,6.7,82.9
48387,Red River,TX,6.4,77.8
48389,Reeves,TX,7.1,61.1
48391,Refugio,TX,8.2,65.7
48393,Roberts,TX,4.6,96.2
48395,Robertson,TX,6.4,69.7
48397,Rockwall,TX,6,68.1
48399,Runnels,TX,4.9,86.3
48401,Rusk,TX,7.3,77.3
48403,Sabine,TX,10.8,87.1
48405,San Augustine,TX,9.6,75.1
48407,San Jacinto,TX,8.1,80.4
48409,San Patricio,TX,10.3,63.8
48411,San Saba,TX,5.2,88.7
48413,Schleicher,TX,6.9,81.1
48415,Scurry,TX,8.2,84.9
48417,Shackelford,TX,5.3,91.2
48419,Shelby,TX,6.8,79.1
48421,Sherman,TX,3.1,89.3
48423,Smith,TX,6.8,69
48425,Somervell,TX,6.5,83
48427,Starr,TX,17.3,47.1
48429,Stephens,TX,6.1,89.1
48431,Sterling,TX,6.4,91.4
48433,Stonewall,TX,5,83.6
48435,Sutton,TX,9.8,78.5
48437,Swisher,TX,5.2,78.3
48439,Tarrant,TX,7.3,49.1
48441,Taylor,TX,5.5,71.7
48443,Terrell,TX,4.6,72.9
48445,Terry,TX,7.3,77.9
48447,Throckmorton,TX,4.9,90.2
48449,Titus,TX,6.7,71.8
48451,Tom Green,TX,6.3,71.5
48453,Travis,TX,6.3,26.5
48455,Trinity,TX,8.1,80.4
48457,Tyler,TX,9.9,84.8
48459,Upshur,TX,7.7,83.7
48461,Upton,TX,5.6,86.1
48463,Uvalde,TX,6.4,59.7
48465,Val Verde,TX,7.9,54.2
48467,Van Zandt,TX,6.1,85.6
48469,Victoria,TX,8.3,68.3
48471,Walker,TX,7.2,65.1
48473,Waller,TX,7.8,62.7
48475,Ward,TX,9.4,79.8
48477,Washington,TX,5.6,74.4
48479,Webb,TX,8.5,37.9
48481,Wharton,TX,6.8,71.2
48483,Wheeler,TX,6,92.4
48485,Wichita,TX,6.7,69.7
48487,Wilbarger,TX,5.9,77.9
48489,Willacy,TX,12,44
48491,Williamson,TX,5.9,48.3
48493,Wilson,TX,5.7,73.8
48495,Winkler,TX,9.3,82.5
48497,Wise,TX,6.5,83.5
48499,Wood,TX,6.6,83.6
48501,Yoakum,TX,11.9,82.6
48503,Young,TX,5.3,86.3
48505,Zapata,TX,12.4,52.5
48507,Zavala,TX,14.1,34
49001,Beaver,UT,4,86.9
49003,Box Elder,UT,4.4,79.7
49005,Cache,UT,2.9,65.2
49007,Carbon,UT,5.2,71.4
49009,Daggett,UT,4.5,80.1
49011,Davis,UT,4.1,61.3
49013,Duchesne,UT,7.7,87.7
49015,Emery,UT,4.7,85.9
49017,Garfield,UT,10.2,79
49019,Grand,UT,9.5,43.4
49021,Iron,UT,4.5,75.6
49023,Juab,UT,2.9,86.7
49025,Kane,UT,5.4,71.7
49027,Millard,UT,3.2,87.3
49029,Morgan,UT,3.3,78.4
49031,Piute,UT,6.3,88.7
49033,Rich,UT,3.4,84.5
49035,Salt Lake,UT,5.1,42.1
49037,San Juan,UT,10.2,51.4
49039,Sanpete,UT,3.7,82.8
49041,Sevier,UT,4.2,87.4
49043,Summit,UT,7.2,39.3
49045,Tooele,UT,4.8,66.7
49047,Uintah,UT,9.2,86.7
49049,Utah,UT,3.7,67.8
49051,Wasatch,UT,6.4,60.7
49053,Washington,UT,5.3,73.9
49055,Wayne,UT,7.6,75.8
49057,Weber,UT,4.8,59.2
50001,Addison,VT,5,29
50003,Bennington,VT,6.6,34.7
50005,Caledonia,VT,5.8,39.1
50007,Chittenden,VT,4.8,20.8
50009,Essex,VT,6.5,51.1
50011,Franklin,VT,5.3,43.2
50013,Grand Isle,VT,5.9,37.9
50015,Lamoille,VT,7.8,26.6
50017,Orange,VT,4.8,38.9
50019,Orleans,VT,7.9,45.9
50021,Rutland,VT,6.9,42.1
50023,Washington,VT,4.8,24.6
50025,Windham,VT,6.3,25.5
50027,Windsor,VT,5.3,27.9
51001,Accomack,VA,6.5,54.1
51003,Albemarle,VA,5.4,32.2
51005,Alleghany,VA,6.5,71.4
51007,Amelia,VA,5.8,68.3
51009,Amherst,VA,5.6,64.9
51011,Appomattox,VA,5.8,72.3
51013,Arlington,VA,4.5,17.1
51015,Augusta,VA,4.6,72.6
51017,Bath,VA,9.9,73.3
51019,Bedford,VA,5.1,73.1
51021,Bland,VA,5.6,83.4
51023,Botetourt,VA,4.5,71.5
51025,Brunswick,VA,8,42.2
51027,Buchanan,VA,9.5,83.5
51029,Buckingham,VA,7.4,55.9
51031,Campbell,VA,5.9,71.1
51033,Caroline,VA,6.7,51.2
51035,Carroll,VA,8.2,80.9
51036,Charles City,VA,6.5,39.7
51037,Charlotte,VA,5.6,61.6
51041,Chesterfield,VA,5.9,45.8
51043,Clarke,VA,4.5,55.6
51045,Craig,VA,5.1,80
51047,Culpeper,VA,5,59.1
51049,Cumberland,VA,6.1,56.8
51051,Dickenson,VA,8,78.7
51053,Dinwiddie,VA,6.4,57.6
51057,Essex,VA,7,49.8
51059,Fairfax,VA,5.8,28
51061,Fauquier,VA,4.7,57.5
51063,Floyd,VA,5.1,66.1
51065,Fluvanna,VA,5.3,51.5
51067,Franklin,VA,5.5,70.3
51069,Frederick,VA,4.6,62.7
51071,Giles,VA,6.3,74.9
51073,Gloucester,VA,5.4,66.8
51075,Goochland,VA,4.9,58.8
51077,Grayson,VA,5.7,80.3
51079,Greene,VA,5.2,60.7
51081,Greensville,VA,6.8,41.8
51083,Halifax,VA,7,57.1
51085,Hanover,VA,4.8,62.4
51087,Henrico,VA,6.5,34.6
51089,Henry,VA,7.6,64.1
51091,Highland,VA,3.7,71.2
51093,Isle of Wight,VA,5.1,58.4
51095,James City,VA,6.9,46.6
51097,King and Queen,VA,5.1,59.5
51099,King George,VA,4.5,59.4
51101,King William,VA,5.4,68.2
51103,Lancaster,VA,7.2,51.7
51105,Lee,VA,6.4,84.1
51107,Loudoun,VA,5.3,36.5
51109,Louisa,VA,5.2,60.7
51111,Lunenburg,VA,5.3,58.9
51113,Madison,VA,3.8,65.2
51115,Mathews,VA,4.9,66.9
51117,Mecklenburg,VA,6.8,57.2
51119,Middlesex,VA,5.1,61.8
51121,Montgomery,VA,4.8,45.8
51125,Nelson,VA,5.6,51.6
51127,New Kent,VA,4.6,66.6
51131,Northampton,VA,7.8,43.9
51133,Northumberland,VA,6.3,57.4
51135,Nottoway,VA,5.1,56.9
51137,Orange,VA,5.6,59.9
51139,Page,VA,7.3,74.7
51141,Patrick,VA,6.9,78.5
51143,Pittsylvania,VA,6.5,69.4
51145,Powhatan,VA,4.8,71.2
51147,Prince Edward,VA,6.5,46.3
51149,Prince George,VA,6.5,57.9
51153,Prince William,VA,6.5,35.6
51155,Pulaski,VA,7.9,69.8
51157,Rappahannock,VA,4.5,56.5
51159,Richmond,VA,4.9,62.1
51161,Roanoke,VA,5.1,59.9
51163,Rockbridge,VA,5.5,65.3
51165,Rockingham,VA,4.7,69.3
51167,Russell,VA,6.6,81.3
51169,Scott,VA,5.3,83.4
51171,Shenandoah,VA,5.3,69.5
51173,Smyth,VA,6.4,77.6
51175,Southampton,VA,5,58.6
51177,Spotsylvania,VA,6,52.3
51179,Stafford,VA,5.7,47.3
51181,Surry,VA,5.7,45.3
51183,Sussex,VA,8.5,43.6
51185,Tazewell,VA,7.6,83
51187,Warren,VA,5.8,66.5
51191,Washington,VA,5.8,75.6
51193,Westmoreland,VA,5.9,53.5
51195,Wise,VA,7.6,80.4
51197,Wythe,VA,7.7,77.8
51199,York,VA,5.6,52.2
51510,Alexandria city,VA,6,17.6
51520,Bristol city,VA,7.7,68.4
51530,Buena Vista city,VA,5.7,67.1
51540,Charlottesville city,VA,6.4,12.8
51550,Chesapeake city,VA,6.1,45.7
51570,Colonial Heights city,VA,7.1,65.6
51580,Covington city,VA,9.6,60.7
51590,Danville city,VA,9.7,38.2
51595,Emporia city,VA,11.1,31.6
51600,Fairfax city,VA,5.6,29.7
51610,Falls Church city,VA,3.8,16.9
51620,Franklin city,VA,8.5,36.6
51630,Fredericksburg city,VA,7.2,31.4
51640,Galax city,VA,7.7,69.6
51650,Hampton city,VA,8.5,27.9
51660,Harrisonburg city,VA,6.4,32.7
51670,Hopewell city,VA,10.7,41.8
51678,Lexington city,VA,7,32.8
51680,Lynchburg city,VA,7.2,47
51683,Manassas city,VA,6.5,36.8
51685,Manassas Park city,VA,6.8,32.5
51690,Martinsville city,VA,10.9,35.9
51700,Newport News city,VA,8.7,32.5
51710,Norfolk city,VA,8.7,26.1
51720,Norton city,VA,7.5,69.3
51730,Petersburg city,VA,13.9,11.2
51735,Poquoson city,VA,4.2,71.3
51740,Portsmouth city,VA,9.6,28.6
51750,Radford city,VA,6.3,44.1
51760,Richmond city,VA,8.8,14.9
51770,Roanoke city,VA,7.7,36
51775,Salem city,VA,5.8,58.9
51790,Staunton city,VA,6.3,43.8
51800,Suffolk city,VA,6.5,40.5
51810,Virginia Beach city,VA,6.2,46.1
51820,Waynesboro city,VA,6.5,51.4
51830,Williamsburg city,VA,8.2,28.5
51840,Winchester city,VA,5.8,43.1
53001,Adams,WA,7.3,66.6
53003,Asotin,WA,5.2,61.2
53005,Benton,WA,8.2,58.6
53007,Chelan,WA,8.4,52.5
53009,Clallam,WA,10.2,46.8
53011,Clark,WA,8.5,45.9
53013,Columbia,WA,7.3,70.3
53015,Cowlitz,WA,9.3,57.1
53017,Douglas,WA,8.5,60.8
53019,Ferry,WA,11.5,63.5
53021,Franklin,WA,9,55.7
53023,Garfield,WA,8.4,71.8
53025,Grant,WA,8.8,65.7
53027,Grays Harbor,WA,11.7,51.7
53029,Island,WA,8.3,42.2
53031,Jefferson,WA,9.4,28
53033,King,WA,7.5,22.2
53035,Kitsap,WA,7.7,38.8
53037,Kittitas,WA,9,53.5
53039,Klickitat,WA,8.2,53.4
53041,Lewis,WA,9.4,64.9
53043,Lincoln,WA,6.8,73.2
53045,Mason,WA,9.8,50.2
53047,Okanogan,WA,9,55.6
53049,Pacific,WA,10.7,49.4
53051,Pend Oreille,WA,10.7,67
53053,Pierce,WA,9.6,42.6
53055,San Juan,WA,7.9,23.2
53057,Skagit,WA,9.8,44.6
53059,Skamania,WA,9.2,53.1
53061,Snohomish,WA,8.5,37.9
53063,Spokane,WA,8.8,50.3
53065,Stevens,WA,9.4,69.7
53067,Thurston,WA,8.3,38.8
53069,Wahkiakum,WA,8.8,58.4
53071,Walla Walla,WA,6.9,52.5
53073,Whatcom,WA,9.3,36.4
53075,Whitman,WA,5.9,42.9
53077,Yakima,WA,9.7,52.6
54001,Barbour,WV,8.3,76.6
54003,Berkeley,WV,6.2,64.6
54005,Boone,WV,10.5,75.6
54007,Braxton,WV,10.4,72.7
54009,Brooke,WV,9,70.8
54011,Cabell,WV,8,58.1
54013,Calhoun,WV,16.1,79.6
54015,Clay,WV,12.5,79.6
54017,Doddridge,WV,6.3,84.5
54019,Fayette,WV,10,68.7
54021,Gilmer,WV,10.1,75.6
54023,Grant,WV,6.5,88.4
54025,Greenbrier,WV,8.1,68.9
54027,Hampshire,WV,5.5,79.6
54029,Hancock,WV,10,71.1
54031,Hardy,WV,7.2,76.7
54033,Harrison,WV,7.9,67.9
54035,Jackson,WV,8.6,74.7
54037,Jefferson,WV,5.9,54.3
54039,Kanawha,WV,8.9,56.4
54041,Lewis,WV,10.9,77.5
54043,Lincoln,WV,10,76.8
54045,Logan,WV,12.2,80.9
54047,McDowell,WV,12.6,78.9
54049,Marion,WV,8.7,63.2
54051,Marshall,WV,9.9,74.1
54053,Mason,WV,8.5,75.8
54055,Mercer,WV,9.4,76.5
54057,Mineral,WV,7.6,78
54059,Mingo,WV,14.3,85.3
54061,Monongalia,WV,6.3,49.4
54063,Monroe,WV,7.1,78.1
54065,Morgan,WV,6,75.2
54067,Nicholas,WV,10.3,77.9
54069,Ohio,WV,8.4,62.1
54071,Pendleton,WV,4.9,76
54073,Pleasants,WV,11.1,78.5
54075,Pocahontas,WV,9.3,72.2
54077,Preston,WV,7.3,76.8
54079,Putnam,WV,7.4,70.3
54081,Raleigh,WV,8.9,74.5
54083,Randolph,WV,9.2,71.1
54085,Ritchie,WV,8.4,85.2
54087,Roane,WV,12.4,73.1
54089,Summers,WV,7.8,72.9
54091,Taylor,WV,7.4,74.2
54093,Tucker,WV,8.5,73.9
54095,Tyler,WV,10.3,82.3
54097,Upshur,WV,9.6,76
54099,Wayne,WV,8.4,74.3
54101,Webster,WV,9.4,81.1
54103,Wetzel,WV,9.8,74.9
54105,Wirt,WV,10.7,80.4
54107,Wood,WV,8.8,70.2
54109,Wyoming,WV,10.5,85.6
55001,Adams,WI,9.5,62.3
55003,Ashland,WI,8.5,43.9
55005,Barron,WI,6.1,62.3
55007,Bayfield,WI,9.3,42.4
55009,Brown,WI,6,52.7
55011,Buffalo,WI,7.4,61.8
55013,Burnett,WI,9.1,63.7
55015,Calumet,WI,4.7,59
55017,Chippewa,WI,6.2,59.3
55019,Clark,WI,4.5,67.1
55021,Columbia,WI,5.9,50
55023,Crawford,WI,7.3,53.1
55025,Dane,WI,4.8,22.9
55027,Dodge,WI,5.3,64.7
55029,Door,WI,6.8,48.5
55031,Douglas,WI,9.2,44.3
55033,Dunn,WI,5.5,56
55035,Eau Claire,WI,5.5,43.5
55037,Florence,WI,8,72.6
55039,Fond du Lac,WI,5.9,62.5
55041,Forest,WI,12.4,65
55043,Grant,WI,5.3,55.2
55045,Green,WI,4.8,47.5
55047,Green Lake,WI,6.9,67.2
55049,Iowa,WI,6.1,42.2
55051,Iron,WI,11.2,60.8
55053,Jackson,WI,9.3,56.9
55055,Jefferson,WI,5.4,56.7
55057,Juneau,WI,7.2,63.8
55059,Kenosha,WI,7.1,50.7
55061,Kewaunee,WI,4.6,65.5
55063,La Crosse,WI,5.4,42.3
55065,Lafayette,WI,4.3,56.4
55067,Langlade,WI,6.5,65.7
55069,Lincoln,WI,5.9,60.7
55071,Manitowoc,WI,6.2,60.7
55073,Marathon,WI,5,58.1
55075,Marinette,WI,7.8,66.6
55077,Marquette,WI,6.7,63.1
55078,Menominee,WI,15.3,17.5
55079,Milwaukee,WI,8.2,29.3
55081,Monroe,WI,5.5,60.9
55083,Oconto,WI,6.3,69.9
55085,Oneida,WI,7.3,56.6
55087,Outagamie,WI,5.5,54
55089,Ozaukee,WI,5.4,55.2
55091,Pepin,WI,5.9,62.4
55093,Pierce,WI,7,55
55095,Polk,WI,7.2,63
55097,Portage,WI,5.4,47.5
55099,Price,WI,6.8,63.1
55101,Racine,WI,7.3,51.2
55103,Richland,WI,5.1,54
55105,Rock,WI,7.1,43.5
55107,Rusk,WI,6.6,66.7
55109,St. Croix,WI,7.1,56.8
55111,Sauk,WI,7.5,48.3
55113,Sawyer,WI,7.9,56.2
55115,Shawano,WI,6.4,67.1
55117,Sheboygan,WI,5.7,57
55119,Taylor,WI,4.9,71.7
55121,Trempealeau,WI,7,57.4
55123,Vernon,WI,5.2,51.6
55125,Vilas,WI,7.2,60.3
55127,Walworth,WI,6.1,58.8
55129,Washburn,WI,6.9,61
55131,Washington,WI,5.6,68.4
55133,Waukesha,WI,5.6,59.6
55135,Waupaca,WI,5.5,65.1
55137,Waushara,WI,6.3,66.5
55139,Winnebago,WI,5.4,50.8
55141,Wood,WI,6.7,58.9
56001,Albany,WY,4,45.8
56003,Big Horn,WY,5,83.1
56005,Campbell,WY,6.9,86
56007,Carbon,WY,4.5,74.8
56009,Converse,WY,6,84.4
56011,Crook,WY,3.9,88.1
56013,Fremont,WY,6.2,65.8
56015,Goshen,WY,4.3,77.8
56017,Hot Springs,WY,5,77.2
56019,Johnson,WY,5.5,78.4
56021,Laramie,WY,5.1,61.7
56023,Lincoln,WY,5,82.1
56025,Natrona,WY,7.8,71.4
56027,Niobrara,WY,3.8,84.6
56029,Park,WY,5.4,76.2
56031,Platte,WY,5,78.5
56033,Sheridan,WY,4.9,71.6
56035,Sublette,WY,7.2,79.1
56037,Sweetwater,WY,7.4,73.2
56039,Teton,WY,6,29.4
56041,Uinta,WY,6.3,79.2
56043,Washakie,WY,5.3,80.5
56045,Weston,WY,3.9,87.3