﻿name,gender,salary,position
"Adiga, Mala",Female,155000,DEPUTY ASSISTANT TO THE PRESIDENT AND DIRECTOR OF POLICY AND PROJECTS FOR THE FIRST LADY
"Adkins, William B.",Male,53000,ASSOCIATE DIRECTOR
"Alcorn, Stephonn O.",Male,62500,ASSOCIATE DIRECTOR FOR RACIAL JUSTICE AND EQUITY
"Alex, Cristobal J.",Male,110000,SPECIAL ASSISTANT TO THE PRESIDENT AND DEPUTY CABINET SECRETARY
"Alexander, Elizabeth E.",Female,155000,DEPUTY ASSISTANT TO THE PRESIDENT AND COMMUNICATIONS DIRECTOR FOR THE FIRST LADY
"Ali, Samiyyah R.",Female,80000,DEPUTY ASSOCIATE COUNSEL
"Amo, Jr., Gabriel F.",Male,80000,DEPUTY DIRECTOR OF THE OFFICE OF INTERGOVERNMENTAL AFFAIRS
"Anderson, Charles D.",Male,130000,DIRECTOR OF ECONOMIC POLICY AND BUDGET FOR THE COVID-19 RESPONSE
"Andre, Karen",Female,110000,SPECIAL ASSISTANT TO THE PRESIDENT FOR ECONOMIC AGENCY PERSONNEL
"Apper, Megan A.",Female,100000,DIRECTOR OF RESEARCH
"Apreza, Ernesto",Male,80000,SENIOR ADVISOR FOR PUBLIC ENGAGEMENT
"Austin, Natalie S.",Female,62500,PRESS ASSISTANT
"Avila, Tiffany R.",Female,48000,STAFF ASSISTANT
"Bains, Chiraag",Male,130000,SPECIAL ASSISTANT TO THE PRESIDENT FOR CRIMINAL JUSTICE AND GUNS POLICY
"Baker, III, John L.",Male,80000,SENIOR ADVISOR FOR PUBLIC ENGAGEMENT
"Bates, Andrew J.",Male,110000,SPECIAL ASSISTANT TO THE PRESIDENT AND DEPUTY PRESS SECRETARY
"Bauer, Katherine E.",Female,48000,STAFF ASSISTANT
"Beckwith-Stanley, Nadiya F.",Female,130000,SPECIAL ASSISTANT TO THE PRESIDENT FOR BUDGET AND TAX POLICY
"Bedingfield, Katherine J.",Female,180000,ASSISTANT TO THE PRESIDENT AND DIRECTOR OF COMMUNICATIONS
"Berger, Amelia A.",Female,48000,ADVANCE COORDINATOR
"Berger, Samuel K.",Male,130000,DIRECTOR OF STRATEGIC OPERATIONS AND POLICY FOR THE COVID-19 RESPONSE
"Bernal, Anthony R.",Male,180000,ASSISTANT TO THE PRESIDENT AND ADVISOR TO THE FIRST LADY
"Berner, Katherine K.",Female,110000,SPECIAL ASSISTANT TO THE PRESIDENT AND DEPUTY DIRECTOR OF COMMUNICATIONS
"Berrios, Roberto C.",Female,80000,SENIOR CONFIRMATIONS COUNSEL
"Bies, Katherine J.",Female,80000,DEPUTY ASSOCIATE COUNSEL FOR THE OFFICE OF PRESIDENTIAL PERSONNEL
"Billings, Susanna S.",Female,62500,ASSOCIATE DIRECTOR OF ADVANCE AND TRIP MANAGER
"Black, Jonathan Y.",Male,110000,SPECIAL ASSISTANT TO THE PRESIDENT AND SENATE LEGISLATIVE AFFAIRS LIAISON
"Blakemore, Jessica M.",Female,100000,SENIOR DEPUTY ASSOCIATE COUNSEL FOR THE OFFICE OF PRESIDENTIAL PERSONNEL
"Blazek, Kelliann M.",Female,110000,SPECIAL ASSISTANT TO THE PRESIDENT FOR AGRICULTURE AND RURAL POLICY
"Blosser, Nicholas G.",Male,100000,CHIEF OF STAFF FOR THE OFFICE OF CABINET AFFAIRS
"Blount, Patricia H.",Female,69993,RECORDS MANAGEMENT ANALYST
"Booth, Laura E.",Female,100000,SENIOR DEPUTY ASSOCIATE COUNSEL FOR THE OFFICE OF PRESIDENTIAL PERSONNEL
"Boyd, Tona M.",Female,130000,SPECIAL ASSISTANT TO THE PRESIDENT AND SPECIAL COUNSEL TO THE PRESIDENT
"Brann, Khanya E.",Female,62500,SENIOR COMMUNICATIONS ASSISTANT AND ASSISTANT TO THE DIRECTOR OF COMMUNICATIONS
"Bravo, Eric",Male,62500,VIDEO EDITOR
"Bristol, Hannah M.",Female,62500,ASSOCIATE DIRECTOR FOR PUBLIC ENGAGEMENT
"Brockbank, Amanda R.",Female,80000,DEPUTY DIRECTOR OF COVID-19 OPERATIONS
"Brooke, Mary J.",Female,124430,SUPERVISOR FOR RECORDS MANAGEMENT
"Brosius, Rory M.",Female,110000,"SPECIAL ASSISTANT TO THE PRESIDENT AND EXECUTIVE DIRECTOR, JOINING FORCES"
"Brown, Blake T.",Male,48000,SPECIAL ASSISTANT TO THE WHITE HOUSE AMERICAN RESCUE PLAN COORDINATOR
"Brown, Elizabeth A.",Female,48000,SPECIAL ASSISTANT FOR ECONOMIC MOBILITY AND RACIAL JUSTICE AND EQUITY
"Browne, Martin G.",Male,48000,SPECIAL ASSISTANT FOR SCHEDULING AND ADVANCE
"Brubaker, Rebecca M.",Female,48000,ANALYST
"Buetow, Zephranie N.",Female,110000,SPECIAL ASSISTANT TO THE PRESIDENT AND SENATE LEGISLATIVE AFFAIRS LIAISON
"Butler, Hannah H.",Female,62500,COVID-19 TESTING COORDINATOR
"Butterworth, Austin Z.",Male,100000,DIRECTOR OF PRIVATE SECTOR ENGAGEMENT
"Byon, Fiona K.",Female,48000,COORDINATOR
"Caesar, Dalmyra P.",Female,100000,DEPUTY DIRECTOR OF WHITE HOUSE PERSONNEL
"Campana, Iran M.",Female,80000,DEPUTY DIRECTOR OF OPERATIONS
"Carter-Disanto, Taylor L.",Female,80000,DEPUTY ASSOCIATE ANALYST
"Castro, Olga N.",Female,58782,STENOGRAPHER
"Cavalier, Aleigha M.",Female,62500,ASSOCIATE DIRECTOR OF STRATEGIC OUTREACH
"Cedarbaum, Jonathan G.",Male,155000,DEPUTY COUNSEL TO THE PRESIDENT AND NATIONAL SECURITY COUNCIL LEGAL ADVISOR
"Ceronsky, Megan M.",Female,130000,SPECIAL ASSISTANT TO THE PRESIDENT AND ASSOCIATE COUNSEL TO THE PRESIDENT
"Chang, Amy X.",Female,62500,POLICY ADVISOR
"Chang, Claris J.",Female,48000,COORDINATOR
"Cheema, Subhan N.",Male,80000,SENIOR COMMUNICATIONS ADVISOR FOR THE COVID-19 RESPONSE
"Chiu, Rachel I.",Female,48000,SPECIAL ASSISTANT TO THE DIRECTOR OF POLITICAL STRATEGY AND OUTREACH
"Choucair, Bechara N.",Female,155000,VACCINATIONS COORDINATOR
"Christiansen, Sean M.",Male,62500,POLICY ADVISOR
"Cicconi, Martine E.",Female,130000,SPECIAL ASSISTANT TO THE PRESIDENT AND ASSOCIATE COUNSEL TO THE PRESIDENT
"Cisneros, Eduardo",Male,130000,DIRECTOR OF INTERGOVERNMENTAL AFFAIRS FOR THE COVID-19 RESPONSE
"Citron, Jamison R.",Male,110000,SPECIAL ASSISTANT TO THE PRESIDENT FOR PERSONNEL STRATEGY AND OPERATIONS
"Clarke, Keziah E.",Female,58000,OPERATIONS COORDINATOR
"Claude, Lilia H.",Female,79790,INFORMATION SERVICES OPERATOR
"Cluchey, Daniel J.",Male,100000,SENIOR PRESIDENTIAL SPEECHWRITER
"Cohen, Brendan W.",Male,62500,PLATFORM MANAGER
"Conley, Danielle Y.",Female,155000,DEPUTY COUNSEL TO THE PRESIDENT
"Contractor, Harin J.",Male,80000,SENIOR POLICY ADVISOR
"Corbisiero, Courtney E.",Female,80000,DEPUTY DIRECTOR OF PRESIDENTIAL CORRESPONDENCE
"Cortez, Corina E.",Female,110000,SPECIAL ASSISTANT TO THE PRESIDENT FOR DOMESTIC AGENCY PERSONNEL
"Cox, Alexander N.",Male,62500,ASSOCIATE DIRECTOR FOR ECONOMIC MOBILITY
"Crotty, Sean M.",Male,100000,ASSOCIATE COUNSEL
"Culea, Adrian",Male,80000,DIRECTOR OF THE TRAVEL OFFICE
"Cumming-Meininger, IV, John H.",Male,62500,ASSOCIATE DIRECTOR
"Dansky Bari, Dominique A.",Female,99889,DIRECTOR OF STENOGRAPHY
"D'Arcangelo, Nicole M.",Female,78500,"DIRECTOR OF VOLUNTEERS, COMMENT LINE, AND GREETINGS FOR PRESIDENTIAL CORRESPONDENCE"
"Davis, Ryan A.",Male,48000,POLICY ASSISTANT
"Deeks, Ashley S.",Female,130000,"SPECIAL ASSISTANT TO THE PRESIDENT, ASSOCIATE COUNSEL TO THE PRESIDENT, AND PRINCIPAL DEPUTY NATIONAL SECURITY COUNCIL LEGAL ADVISOR"
"Deese, Brian C.",Male,180000,ASSISTANT TO THE PRESIDENT AND DIRECTOR OF THE NATIONAL ECONOMIC COUNCIL
"DeGuzman, Brian K.",Male,96657,DIRECTOR OF INFORMATION SERVICES
"Delery, Stuart F.",Male,155000,DEPUTY COUNSEL TO THE PRESIDENT
"Demers, Kaitlyn H.",Female,110000,SPECIAL ASSISTANT TO THE PRESIDENT AND CHIEF OF STAFF FOR THE OFFICE OF LEGISLATIVE AFFAIRS
"Dent, Loren E.",Female,48000,SENIOR ANALYST
"Denz, Rebekah E.",Female,45711,RECORDS MANAGEMENT ANALYST
"Derfner, Graham H.",Male,48000,SENIOR ANALYST AND PROJECT MANAGER
"Dews, Justin A.",Male,80000,DEPUTY ASSOCIATE COUNSEL
"Dickson, Joshua J.",Male,80000,SENIOR ADVISOR FOR PUBLIC ENGAGEMENT
"Dillon, Jennifer B.",Female,180000,ASSISTANT TO THE PRESIDENT AND DEPUTY CHIEF OF STAFF
"Dinkel-Smith, Erika S.",Female,100000,DIRECTOR OF LABOR ENGAGEMENT
"Dodin, Reema B.",Female,155000,DEPUTY ASSISTANT TO THE PRESIDENT AND DEPUTY DIRECTOR OF LEGISLATIVE AFFAIRS AND SENATE LIAISON
"Donilon, Michael C.",Male,180000,ASSISTANT TO THE PRESIDENT AND SENIOR ADVISOR TO THE PRESIDENT
"Dorsey, Rykia G.",Female,62500,REGIONAL COMMUNICATIONS DIRECTOR
"Dougherty, Frances T.",Female,80000,DEPUTY DIRECTOR FOR STRATEGIC PROJECTS
"Dredd, Travis D.",Male,110000,SPECIAL ASSISTANT TO THE PRESIDENT AND TRIP DIRECTOR
"Droege, Philip C.",Male,170800,DIRECTOR OF RECORDS MANAGEMENT
"Duke, Brendan V.",Male,62500,SENIOR POLICY ADVISOR
"Dunn, Anita B.",Female,129000,SENIOR ADVISOR TO THE PRESIDENT
"Duran, Manuelita R.",Female,48000,SPECIAL ASSISTANT TO THE SOCIAL SECRETARY AND EVENTS COORDINATOR
"Duran, Melanie B.",Female,62500,VIDEO PRODUCER
"Duross, Jeanne M.",Female,100000,SENIOR ETHICS COUNSEL FOR THE OFFICE OF PRESIDENTIAL PERSONNEL
"Dyson, Rayshawn N.",Female,62500,ASSOCIATE DIRECTOR
"Edwards, Sarah E.",Female,48000,ANALYST
"Egbewole, Yemisi F.",Female,48000,LEGISLATIVE ASSISTANT
"Eichner, Stacy L.",Female,80000,SENIOR ASSOCIATE DIRECTOR
"Elizondo, Carlos E.",Male,155000,DEPUTY ASSISTANT TO THE PRESIDENT AND SOCIAL SECRETARY
"English, Leandra",Female,130000,SPECIAL ASSISTANT TO THE PRESIDENT AND CHIEF OF STAFF FOR THE NATIONAL ECONOMIC COUNCIL
"Evenson, Kittle K.",Female,72750,RECORDS MANAGEMENT SPECIALIST
"Faiella, Caroline D.",Female,52000,INFORMATION SERVICES OPERATOR
"Fama, Jocelyn M.",Female,64400,"DEPUTY DIRECTOR OF VOLUNTEERS, COMMENT LINE, AND GREETINGS FOR PRESIDENTIAL CORRESPONDENCE"
"Fazili, Sameera",Female,155000,DEPUTY ASSISTANT TO THE PRESIDENT AND DEPUTY DIRECTOR OF THE NATIONAL ECONOMIC COUNCIL
"Feldman, Stefanie G.",Female,155000,DEPUTY ASSISTANT TO THE PRESIDENT AND SENIOR ADVISOR TO THE DOMESTIC POLICY ADVISOR
"Feldmann, Sarah A.",Female,100000,CHIEF OF STAFF FOR THE OFFICE OF MANAGEMENT AND ADMINISTRATION
"Fernandes, Rhea M.",Female,62500,ASSOCIATE STAFF SECRETARY
"Figures, Kalisha D.",Female,110000,SPECIAL ASSISTANT TO THE PRESIDENT FOR GENDER POLICY
"Filipic, Anne E.",Female,180000,ASSISTANT TO THE PRESIDENT AND DIRECTOR OF MANAGEMENT AND ADMINISTRATION AND DIRECTOR OF THE OFFICE OF ADMINISTRATION
"Finer, Jonathan J.",Male,180000,ASSISTANT TO THE PRESIDENT AND PRINCIPAL DEPUTY NATIONAL SECURITY ADVISOR
"Finkelstein, Jordan G.",Male,62500,SPECIAL ASSISTANT TO THE SENIOR ADVISOR
"Finney, Amanda C.",Female,62500,CHIEF OF STAFF FOR THE PRESS OFFICE AND SPECIAL ASSISTANT TO THE PRESS SECRETARY
"Fischer, Jennifer A.",Female,54440,RECORDS MANAGEMENT ANALYST
"Fitzpatrick, Kelsey V.",Female,48000,CONFIDENTIAL ASSISTANT
"Flaherty, Robert R.",Male,155000,DEPUTY ASSISTANT TO THE PRESIDENT AND DIRECTOR OF DIGITAL STRATEGY
"Flores, Laura H.",Female,48000,PLATFORM MANAGER
"Floyd, Kingsley E.",Female,62500,RESEARCHER
"Ford, Sandra E.",Female,110000,SPECIAL ASSISTANT TO THE PRESIDENT FOR PUBLIC HEALTH AND SCIENCE
"Foster, Gregory I.",Male,49157,RECORDS MANAGEMENT ANALYST
"Frank, Carla S.",Female,100000,DIRECTOR OF STRATEGIC PLANNING
"Freeland, Devontae A.",Male,48000,SPECIAL ASSISTANT TO THE DEPUTY WHITE HOUSE COUNSELS
"Freeman, II, Karl A.",Male,49157,RECORDS MANAGEMENT ANALYST
"Friedman, Danielle E.",Female,80000,CHIEF OF STAFF TO THE OFFICE OF INTERGOVERNMENTAL AFFAIRS
"Gallegos, Justina W.",Female,80000,SENIOR POLICY ADVISOR
"Gamble, Joelle C.",Female,130000,SPECIAL ASSISTANT TO THE PRESIDENT FOR ECONOMIC POLICY
"Gao, Jenny",Female,62500,CHIEF OF STAFF FOR THE OFFICE OF THE STAFF SECRETARY
"Garcia, Alida M.",Female,100000,SENIOR ADVISOR
"Garcia, Christopher A.",Male,62500,SENIOR LEGISLATIVE AFFAIRS ADVISOR
"Garden-Monheit, Hannah R.",Female,80000,SENIOR POLICY ADVISOR
"Garner, Asjia T.",Female,48000,COMMUNICATIONS COORDINATOR
"Gelfond, Jaclyn S.",Female,100000,DEPUTY DIRECTOR OF PRESIDENTIAL ADVANCE
"Giammarella, Alyssa M.",Female,62500,ASSOCIATE DIRECTOR OF PRESIDENTIAL SCHEDULING
"Gipe, Abby L.",Female,49157,RECORDS MANAGEMENT ANALYST
"Gluck, Abbe R.",Female,100000,SPECIAL COUNSEL
"Goddard, Connor M.",Male,80000,SENIOR ASSOCIATE DIRECTOR
"Goepfert, Stephen M.",Male,110000,SPECIAL ASSISTANT TO THE PRESIDENT AND PERSONAL AIDE TO THE PRESIDENT
"Goff, Shuwanza R.",Female,155000,DEPUTY ASSISTANT TO THE PRESIDENT AND DEPUTY DIRECTOR OF LEGISLATIVE AFFAIRS AND HOUSE LIAISON
"Gonzalez, Noe",Male,48000,CONFIDENTIAL ASSISTANT
"Greer, II, Reginald W.",Male,100000,DIRECTOR FOR PRIORITY PLACEMENT
"Groum, Matthew E.",Male,48000,STAFF ASSISTANT
"Gupta, Neha",Female,100000,ASSOCIATE COUNSEL
"Gupta, Pronita",Female,130000,SPECIAL ASSISTANT TO THE PRESIDENT FOR LABOR AND WORKERS
"Gwin, Michael J.",Male,100000,DIRECTOR OF RAPID RESPONSE
"Hackett, Conisha T.",Female,80000,DEPUTY ASSOCIATE COUNSEL FOR THE OFFICE OF PRESIDENTIAL PERSONNEL
"Hajinazarian, Ike A.",Male,62500,REGIONAL COMMUNICATIONS DIRECTOR
"Harrell, Peter E.",Male,150000,SPECIAL ASSISTANT TO THE PRESIDENT AND SENIOR DIRECTOR FOR INTERNATIONAL ECONOMICS AND COMPETITIVENESS
"Harris, Jennifer M.",Female,150000,SPECIAL ASSISTANT TO THE PRESIDENT AND SENIOR DIRECTOR FOR INTERNATIONAL ECONOMICS AND LABOR
"Harris, Seth D.",Male,155000,DEPUTY ASSISTANT TO THE PRESIDENT FOR LABOR AND ECONOMY
"Hart, Elizabeth A.",Female,80000,DEPUTY SOCIAL SECRETARY
"Hart, Rio I.",Male,62500,SPECIAL ASSISTANT TO THE DOMESTIC POLICY ADVISOR
"Haskell, Alex T.",Male,100000,SENIOR DEPUTY ASSOCIATE COUNSEL FOR THE OFFICE OF PRESIDENTIAL PERSONNEL
"Hayes, David J.",Male,130000,SPECIAL ASSISTANT TO THE PRESIDENT FOR CLIMATE POLICY
"Hays, Meghan K.",Female,110000,SPECIAL ASSISTANT TO THE PRESIDENT AND DIRECTOR OF MESSAGE PLANNING
"Hebert, Jonathan P.",Male,80000,VIDEO DIRECTOR
"Henagan, William C.",Male,62500,SPECIAL ASSISTANT TO THE DEPUTY CHIEF OF STAFF
"Hendrickson, Kathryn L.",Female,62500,SENIOR ASSOCIATE DIRECTOR
"Hernandez, Matthew I.",Male,80000,PERSONNEL VETTING CHIEF OF STAFF
"Hertz, Jessica R.",Female,155000,DEPUTY ASSISTANT TO THE PRESIDENT AND STAFF SECRETARY
"Hervig, Angela M.",Female,48000,LEGISLATIVE ASSISTANT
"Herwig, Paige L.",Female,130000,SPECIAL ASSISTANT TO THE PRESIDENT AND SENIOR COUNSEL TO THE PRESIDENT
"Hicks, Destine J.",Female,62500,ASSOCIATE DIRECTOR
"Hidalgo, Rosemarie",Female,130000,SPECIAL ASSISTANT TO THE PRESIDENT AND SENIOR ADVISOR ON GENDER-BASED VIOLENCE
"Hill, Matthew D.",Male,80000,SENIOR ASSOCIATE COMMUNICATIONS DIRECTOR
"Hill, Paige N.",Female,80000,SENIOR REGIONAL COMMUNICATIONS DIRECTOR
"Hoang, Kathleen B.",Female,80000,DEPUTY DIRECTOR OF FINANCE
"Hoang, Vy T.",Female,103690,SUPERVISOR FOR RECORDS MANAGEMENT
"Hobson, Bernadette L.",Female,80000,SENIOR ASSOCIATE DIRECTOR
"Hochman, Michael C.",Male,110000,SPECIAL ASSISTANT TO THE PRESIDENT AND DEPUTY STAFF SECRETARY
"Hopkins-Ward, Zoe M.",Female,62500,RESEARCHER
"Hornung, Daniel Z.",Male,130000,SPECIAL ASSISTANT TO THE PRESIDENT FOR ECONOMIC POLICY
"Horton, Michael J.",Male,73000,DEPUTY DIRECTOR OF INFORMATION SERVICES
"Humphrey, Clarke E.",Male,100000,COVID-19 DIGITAL DIRECTOR
"Hurd, Hilary A.",Female,130000,SENIOR ADVISOR TO THE HOMELAND SECURITY ADVISOR
"Hussain, Farhana P.",Female,62500,ADVISOR TO THE COORDINATOR OF THE COVID-19 RESPONSE
"Ibrahim, Aya R.",Female,62500,POLICY ADVISOR
"Isen, Thomas M.",Male,48000,SPECIAL ASSISTANT IN CABINET AFFAIRS
"Jachowicz, Meredith L.",Female,80000,SENIOR ASSOCIATE DIRECTOR
"Jackson, Dionne N.",Female,48000,DEPUTY ASSOCIATE DIRECTOR FOR POLICY
"Jackson, Jamie L.",Female,100000,SECURITY CLEARANCE COUNSEL FOR THE OFFICE OF PRESIDENTIAL PERSONNEL
"Jackson, Theresa R.",Female,83224,INFORMATION SERVICES OPERATOR
"Jacobs, Zoe A.",Female,48000,POLICY ADVISOR
"Jacquez, Alejandro S.",Male,62500,POLICY ADVISOR
"James, Kyle B.",Male,58200,DIRECTOR OF DIGITAL RESPONSE
"Jarvis, Caitlin I.",Female,60000,STENOGRAPHER
"Jean-Pierre, Karine",Female,155000,DEPUTY ASSISTANT TO THE PRESIDENT AND PRINCIPAL DEPUTY PRESS SECRETARY AND SENIOR ADVISOR TO THE PRESS SECRETARY
"Johnson, Carole A.",Female,155000,TESTING COORDINATOR
"Johnson, Linda M.",Female,87971,INFORMATION SERVICES OPERATOR
"Jones, Haley S.",Female,62500,ASSOCIATE DIRECTOR OF OPERATIONS
"Jones, Meredith A.",Female,110000,SPECIAL ASSISTANT TO THE PRESIDENT AND HOUSE LEGISLATIVE AFFAIRS LIAISON
"Jones, Sidney L.",Female,68000,INFORMATION SERVICES OPERATOR
"Jurinka, Elizabeth M.",Female,130000,SPECIAL ASSISTANT TO THE PRESIDENT AND SENATE LEGISLATIVE AFFAIRS LIAISON
"Kalbaugh, David E.",Male,170800,EXECUTIVE CLERK
"Kamin, David C.",Male,155000,DEPUTY ASSISTANT TO THE PRESIDENT AND DEPUTY DIRECTOR OF THE NATIONAL ECONOMIC COUNCIL
"Kaplan, Shoshana E.",Female,48000,OPERATIONS ASSISTANT
"Karlin-Neumann, Zev M.",Male,100000,SPEECHWRITER AND COMMUNICATIONS ADVISOR FOR THE DOMESTIC POLICY COUNCIL
"Kassam, Noreen A.",Female,62500,ASSOCIATE DIRECTOR OF PRESIDENTIAL ADVANCE
"Keene, Jamie D.",Male,80000,DEPUTY DIRECTOR FOR RACIAL AND ECONOMIC JUSTICE
"Keigher, Connolly J.",Male,110000,SPECIAL ASSISTANT TO THE PRESIDENT AND DIRECTOR OF PRESIDENTIAL ADVANCE
"Keith, Alexa C.",Female,62500,RESEARCHER
"Kemp, Eva G.",Female,110000,SPECIAL ASSISTANT TO THE PRESIDENT AND DIRECTOR OF PRESIDENTIAL CORRESPONDENCE
"Kientzle, Caroline K.",Female,48000,PUBLIC ENGAGEMENT ASSISTANT AND ANALYST
"Kikukawa, Michael A.",Male,62500,PRESS ASSISTANT
"Kim, Janet H.",Female,100000,ASSOCIATE COUNSEL
"King, Taeshonnda C.",Female,78881,SENIOR RECORDS MANAGEMENT ANALYST
"Klain, Ronald A.",Male,180000,ASSISTANT TO THE PRESIDENT AND CHIEF OF STAFF
"Klein, Jennifer L.",Female,155000,DEPUTY ASSISTANT TO THE PRESIDENT AND CO-CHAIR AND EXECUTIVE DIRECTOR OF THE WHITE HOUSE GENDER POLICY COUNCIL
"Kleiner, Samuel M.",Male,100000,SENIOR DEPUTY ASSOCIATE COUNSEL FOR THE OFFICE OF PRESIDENTIAL PERSONNEL
"Knackstedt, Kimberly M.",Female,100000,DIRECTOR OF DISABILITY POLICY
"Kohnke, Lisa J.",Female,110000,SPECIAL ASSISTANT TO THE PRESIDENT AND DIRECTOR OF PRESIDENTIAL SCHEDULING
"Kumar, Aditya",Male,130000,SENIOR ADVISOR FOR OPERATIONS
"Kwak, Grace J.",Female,62500,ADVISOR TO THE DEPUTY COORDINATOR OF THE COVID-19 RESPONSE
"Ladjevardian, Atissa",Female,62500,ASSOCIATE DIRECTOR
"Lamm, Garrett C.",Male,80000,DEPUTY DIRECTOR OF PRESIDENTIAL CORRESPONDENCE
"Landrieu, Katherine G.",Female,100000,DIRECTOR OF LABOR AND WORKERS
"LaRosa, Michael J.",Male,100000,PRESS SECRETARY FOR THE FIRST LADY
"Law, Matthew J.",Male,114059,SUPERVISOR FOR RECORDS MANAGEMENT
"Leach, Michael",Male,110000,SPECIAL ASSISTANT TO THE PRESIDENT AND CHIEF DIVERSITY AND INCLUSION DIRECTOR
"Ledwell, Hilary R.",Female,62500,ASSOCIATE STAFF SECRETARY
"Lee, Gi Hyun",Female,100000,DIRECTOR OF SCHEDULING AND ADVANCE FOR THE FIRST LADY
"Leighton, Zachary S.",Male,62500,ASSOCIATE STAFF SECRETARY
"Levit, Nathan H.",Male,62500,RESEARCHER
"Lhamon, Catherine E.",Female,155000,DEPUTY ASSISTANT TO THE PRESIDENT FOR RACIAL JUSTICE AND EQUITY
"Lin, Austin Y.",Male,110000,SPECIAL ASSISTANT TO THE PRESIDENT AND DEPUTY DIRECTOR OF TECHNOLOGY
"Lion, Vanessa C.",Female,80000,DEPUTY POLICY DIRECTOR
"Liu, Patricia J.",Female,48000,STAFF ASSISTANT
"Loewe, Erica P.",Female,62500,AFRICAN AMERICAN MEDIA DIRECTOR
"Lopez, Audrey E.",Female,62500,DIRECTOR OF HISPANIC MEDIA
"Macdonald, Amber J.",Female,110000,SPECIAL ASSISTANT TO THE PRESIDENT AND SENIOR PRESIDENTIAL SPEECHWRITER
"MacHardy, Sonia R.",Female,80000,SENIOR ADVISOR FOR CLIMATE POLICY AND INNOVATION
"Magwood, Carahna O.",Female,100000,CREATIVE DIRECTOR
"Maisel, Chad P.",Male,100000,DIRECTOR OF RACIAL AND ECONOMIC JUSTICE
"Makhmudov, Machmud A.",Male,62500,POLICY ADVISOR
"Mann, Myles H.",Male,62500,ASSOCIATE DIRECTOR OF CONFIRMATIONS
"Manners-Weber, David M.",Male,80000,DEPUTY ASSOCIATE COUNSEL FOR THE OFFICE OF PRESIDENTIAL PERSONNEL
"Manning, Timothy W.",Male,155000,SUPPLY COORDINATOR
"Marootian, Jeffrey M.",Male,110000,SPECIAL ASSISTANT TO THE PRESIDENT FOR CLIMATE AND SCIENCE AGENCY PERSONNEL
"Martin, Carmel M.",Female,155000,DEPUTY ASSISTANT TO THE PRESIDENT FOR ECONOMIC MOBILITY
"Martinez, Logan J.",Male,57000,INFORMATION SERVICES OPERATOR
"Mattson, Philip C.",Male,78500,DIRECTOR OF PRESIDENTIAL CORRESPONDENCE MANAGEMENT
"Maurice, Nathaly A.",Female,110000,SPECIAL ASSISTANT TO THE PRESIDENT AND DIRECTOR OF PARTNERSHIPS
"Maxwell, Connor R.",Male,62500,POLICY ADVISOR
"Mbugua, Moore M.",Male,54500,INFORMATION SERVICES OPERATOR
"McCarthy, John W.",Male,110000,SPECIAL ASSISTANT TO THE PRESIDENT AND SENIOR ADVISOR TO THE COUNSELOR TO THE PRESIDENT
"McCarthy, Regina A.",Female,180000,ASSISTANT TO THE PRESIDENT AND NATIONAL CLIMATE ADVISOR
"McDowell, Ephraim A.",Female,80000,DEPUTY ASSOCIATE COUNSEL
"McFarlin, Jaimie K.",Female,80000,DEPUTY ASSOCIATE COUNSEL
"McGowan, Lukas J.",Male,80000,SENIOR ADVISOR TO THE OFFICE OF INTERGOVERNMENTAL AFFAIRS
"McIntee, William T.",Male,62500,ASSOCIATE DIRECTOR FOR PUBLIC ENGAGEMENT
"McKay, Caroline M.",Female,80000,CHIEF OF STAFF TO THE WHITE HOUSE COUNSEL AND DEPUTY ASSOCIATE COUNSEL
"McNicholas, Mailinh",Female,48000,STAFF ASSISTANT
"Meagher, Christopher M.",Male,110000,SPECIAL ASSISTANT TO THE PRESIDENT AND DEPUTY PRESS SECRETARY
"Mellul, Ian J.",Male,62500,ASSOCIATE DIRECTOR OF PRESIDENTIAL ADVANCE AND DIRECTOR OF PRODUCTION FOR PRESIDENTIAL EVENTS
"Meloski, Caitlin E.",Female,62500,SPECIAL ASSISTANT TO THE DIRECTOR OF THE NATIONAL ECONOMIC COUNCIL
"Metzler, Chad M.",Male,130000,SPECIAL ASSISTANT TO THE PRESIDENT AND SENATE LEGISLATIVE AFFAIRS LIAISON
"Meyers, Patrick K.",Male,62500,RESEARCHER
"Miller, Colin R.",Male,73730,STENOGRAPHER
"Miller, Julian J.",Female,80000,DIRECTOR OF THE WHITE HOUSE INTERNSHIP PROGRAM
"Miller, Katherine B.",Female,48000,SPECIAL ASSISTANT TO THE COUNSELOR TO THE PRESIDENT
"Millison, Chad L.",Male,95920,ASSISTANT SUPERVISOR FOR RECORDS MANAGEMENT
"Millones, Danielle V.",Female,100000,DIRECTOR FOR LEADERSHIP AND TRAINING
"Mirza, Asma Y.",Female,130000,CHIEF OF STAFF FOR THE COVID-19 RESPONSE
"Mittelstaedt, Oliver S.",Male,62500,SENIOR LEGAL ASSISTANT
"Moges, Kidus G.",Male,62500,RESEARCHER
"Mohr, Morgan K.",Female,62500,ASSOCIATE DIRECTOR OF STRATEGIC PLANNING
"Molina, Jennifer",Female,80000,SENIOR DIRECTOR OF COALITIONS MEDIA
"Molt-West, Alicia H.",Female,110000,SPECIAL ASSISTANT TO THE PRESIDENT AND HOUSE LEGISLATIVE AFFAIRS LIAISON
"Montelongo, Natalie",Female,80000,DEPUTY DIRECTOR OF STRATEGIC OUTREACH
"Montoya, Jordan R.",Female,100000,DIRECTOR OF ADVANCE AND TRIP DIRECTOR FOR THE FIRST LADY
"Montoya, Ryan J.",Male,155000,DEPUTY ASSISTANT TO THE PRESIDENT AND DIRECTOR OF SCHEDULING AND ADVANCE
"Moore, Brianne E.",Female,100000,DIRECTOR OF PRESIDENTIAL PRESS ADVANCE
"Moore, Lauren N.",Female,100000,ASSOCIATE COUNSEL
"Moore, Lucy E.",Female,48000,ASSISTANT STAFF SECRETARY
"Morales, Jordan E.",Female,48000,SPECIAL ASSISTANT TO THE DIRECTOR OF THE OFFICE OF LEGISLATIVE AFFAIRS
"Moran, Colleen P.",Female,72750,ASSISTANT SUPERVISOR FOR RECORDS MANAGEMENT
"Moran, Tyler T.",Male,130000,SPECIAL ASSISTANT TO THE PRESIDENT FOR IMMIGRATION
"Morgado, Landon S.",Male,62500,PARTNERSHIPS MANAGER
"Moritsugu, Erika L.",Female,155000,DEPUTY ASSISTANT TO THE PRESIDENT AND ASIAN AMERICAN AND NATIVE HAWAIIAN/PACIFIC ISLANDER SENIOR LIAISON
"Morse, Josephine T.",Female,110000,SENIOR COUNSELOR AND CHIEF OVERSIGHT OFFICER
"Moylan, IV, John C.",Male,62500,ASSOCIATE DIRECTOR FOR SCHEDULING
"Moynihan, Terrance M.",Male,80000,DEPUTY DIRECTOR OF RESEARCH
"Mulugheta, Niyat",Female,62500,ADVISOR TO THE CHIEF OF STAFF
"Munoz, Kevin A.",Male,80000,ASSISTANT PRESS SECRETARY
"Murillo, Helen K.",Female,80000,DEPUTY ASSOCIATE COUNSEL FOR THE OFFICE OF PRESIDENTIAL PERSONNEL
"Nayak, Vinay",Male,62500,ASSOCIATE STAFF SECRETARY
"Nayyar, Dhara",Female,48000,RESEARCH ASSOCIATE
"Neiman, Wanda M.",Female,101734,ASSISTANT TO THE EXECUTIVE CLERK
"Ngugi, Joy W.",Female,48000,VIDEO PRODUCER
"Nsor, Janice M.",Female,100000,SENIOR DEPUTY ASSOCIATE COUNSEL FOR THE OFFICE OF PRESIDENTIAL PERSONNEL
"Nussbaum, Jeffrey K.",Male,130000,SPECIAL ASSISTANT TO THE PRESIDENT AND SENIOR PRESIDENTIAL SPEECHWRITER
"Nygaard, Paige B.",Female,62500,ASSOCIATE DIRECTOR
"Oakar, Catherine R.",Female,110000,SPECIAL ASSISTANT TO THE PRESIDENT FOR COMMUNITY PUBLIC HEALTH AND DISPARITIES
"O'Brien, Alicia C.",Female,130000,SPECIAL ASSISTANT TO THE PRESIDENT AND SENIOR COUNSEL TO THE PRESIDENT
"Oglesby, Mark J.",Male,48000,STAFF ASSISTANT
"Okai, Danielle S.",Female,80000,SENIOR ASSOCIATE DIRECTOR
"Okolo, Osaremen F.",Female,62500,POLICY ADVISOR
"Olavarria, Esther M.",Female,155000,DEPUTY ASSISTANT TO THE PRESIDENT FOR IMMIGRATION
"Olorunnipa, Oluwafunmilayo B.",Female,130000,SPECIAL ASSISTANT TO THE PRESIDENT AND ASSOCIATE COUNSEL TO THE PRESIDENT
"O'Neill, Tegan E.",Female,80000,DIRECTOR OF PLATFORMS
"Orosz, Jordan E.",Female,80000,DEPUTY ASSOCIATE COUNSEL AND TAX COUNSEL FOR THE OFFICE OF PRESIDENTIAL PERSONNEL
"Orphanides, Nicole L.",Female,65650,STENOGRAPHER
"Oswald, Justin T.",Male,110000,SPECIAL ASSISTANT TO THE PRESIDENT AND HOUSE LEGISLATIVE AFFAIRS LIAISON
"Ou, Howard C.",Male,62500,ASSOCIATE DIRECTOR FOR PUBLIC ENGAGEMENT
"Page, Nia J.",Female,48000,SPECIAL ASSISTANT TO THE DIRECTOR OF THE OFFICE OF PUBLIC ENGAGEMENT
"Panigrahi, Shreeya G.",Female,48000,SPECIAL ASSISTANT FOR HEALTH AND VETERANS AND IMMIGRATION
"Pantangco, Katherine R.",Female,48000,POLICY ADVISOR TO THE OFFICE OF INTERGOVERNMENTAL AFFAIRS
"Pascal, Alexander J.",Male,110000,SPECIAL ASSISTANT TO THE PRESIDENT AND EXECUTIVE SECRETARY FOR THE DOMESTIC POLICY COUNCIL
"Pate, Brian E.",Male,111100,ASSISTANT EXECUTIVE CLERK
"Patel, Vedant R.",Male,80000,ASSISTANT PRESS SECRETARY
"Peck, Allie G.",Female,62500,SENIOR LEGISLATIVE AFFAIRS ADVISOR
"Peele, Christian B.",Female,130000,SPECIAL ASSISTANT TO THE PRESIDENT AND DEPUTY DIRECTOR OF MANAGEMENT AND ADMINISTRATION FOR PERSONNEL
"Pelton, Erin E.",Female,130000,SPECIAL ASSISTANT TO THE PRESIDENT AND CHIEF OF STAFF FOR THE DOMESTIC POLICY COUNCIL
"Pena, Elizabeth R.",Female,62500,RESEARCHER
"Perez, Angela D.",Female,62500,PRESS ASSISTANT
"Petrelius, Katherine L.",Female,110000,SPECIAL ASSISTANT TO THE PRESIDENT FOR PRESIDENTIAL BOARDS AND COMMISSIONS
"Petty, Lucia R.",Female,48000,PERSONNEL VETTING DEPUTY CHIEF OF STAFF
"Phadke, Shilpa D.",Female,110000,SPECIAL ASSISTANT TO THE PRESIDENT FOR GENDER POLICY AND DEPUTY DIRECTOR OF THE GENDER POLICY COUNCIL
"Phillips, Anjali W.",Female,100000,SENIOR ETHICS COUNSEL FOR THE OFFICE OF PRESIDENTIAL PERSONNEL
"Piccoli, Melissa A.",Female,62500,ASSOCIATE DIRECTOR OF PRESIDENTIAL SCHEDULING
"Pitzer, Abbey B.",Female,48000,DESIGNER
"Plat, Jana K.",Female,48000,PUBLIC ENGAGEMENT ASSISTANT AND ANALYST
"Po, Rosa",Female,100000,SENIOR ADVISOR FOR THE COVID-19 RESPONSE
"Poese, Caroline S.",Female,70631,SENIOR RECORDS MANAGEMENT ANALYST
"Poethig, Erika C.",Female,130000,SPECIAL ASSISTANT TO THE PRESIDENT FOR HOUSING AND URBAN POLICY
"Pope, Amy E.",Female,132000,SENIOR ADVISOR FOR MIGRATION
"Posada, Michael R.",Male,100000,ASSOCIATE COUNSEL
"Pough, Bradley D.",Male,80000,DEPUTY ASSOCIATE COUNSEL FOR THE OFFICE OF PRESIDENTIAL PERSONNEL
"Pourmorad, Araz",Male,110000,SPECIAL ASSISTANT TO THE PRESIDENT AND DIRECTOR OF PRESIDENTIAL SCHEDULING
"Psaki, Jennifer R.",Female,180000,ASSISTANT TO THE PRESIDENT AND PRESS SECRETARY
"Puri, Arjun S.",Male,48000,STAFF ASSISTANT FOR WHITE HOUSE PERSONNEL
"Qu, Jing",Female,48000,SPECIAL ASSISTANT TO THE SENIOR ADVISOR
"Quillian, Natalie H.",Female,155000,DEPUTY COORDINATOR OF THE COVID-19 RESPONSE
"Qureshi, Hoor A.",Female,48000,DIGITAL STAFF ASSISTANT
"Raghavan, Gautam",Male,155000,DEPUTY ASSISTANT TO THE PRESIDENT AND DEPUTY DIRECTOR OF THE OFFICE OF PRESIDENTIAL PERSONNEL
"Raisner, Olivia M.",Female,80000,TRAVELING CONTENT DIRECTOR
"Raizk, Paul S.",Male,151096,DEPUTY DIRECTOR AND SENIOR ADVISOR FOR RECORDS MANAGEMENT
"Ramamurti, Bharat R.",Male,130000,SPECIAL ASSISTANT TO THE PRESIDENT AND DEPUTY DIRECTOR OF THE NATIONAL ECONOMIC COUNCIL
"Ramirez, Angela K.",Female,130000,SPECIAL ASSISTANT TO THE PRESIDENT AND HOUSE LEGISLATIVE AFFAIRS LIAISON
"Rao, Sujeet B.",Male,130000,SENIOR POLICY ADVISOR
"Rapp, Jeffrey J.",Male,100000,ADVISOR FOR NOMINATIONS
"Rastegar, Sanam",Female,48000,SPECIAL ASSISTANT IN CABINET AFFAIRS
"Raviv, Adam M.",Male,100000,SENIOR ETHICS COUNSEL FOR THE OFFICE OF PRESIDENTIAL PERSONNEL
"Recordon, David B.",Male,130000,SPECIAL ASSISTANT TO THE PRESIDENT AND DIRECTOR OF TECHNOLOGY
"Reddy, Vinay C.",Male,155000,DEPUTY ASSISTANT TO THE PRESIDENT AND DIRECTOR OF SPEECHWRITING
"Redmond, Colby E.",Female,62500,SPECIAL ASSISTANT TO THE CHIEF OF STAFF TO THE FIRST LADY
"Reed, Bruce N.",Male,180000,ASSISTANT TO THE PRESIDENT AND DEPUTY CHIEF OF STAFF
"Reed, Julia S.",Female,62500,DAY SCHEDULER AND OVAL OFFICE OPERATIONS COORDINATOR
"Reilly, Katharine A.",Female,48000,SPECIAL ASSISTANT TO THE WHITE HOUSE COUNSEL
"Remus, Dana A.",Female,180000,ASSISTANT TO THE PRESIDENT AND WHITE HOUSE COUNSEL
"Reynolds, Elisabeth B.",Female,130000,SPECIAL ASSISTANT TO THE PRESIDENT FOR MANUFACTURING AND RESEARCH AND DEVELOPMENT POLICY
"Reynoso, Julissa",Female,180000,ASSISTANT TO THE PRESIDENT AND CHIEF OF STAFF TO THE FIRST LADY
"Rhinebeck, Julianne J.",Female,80000,SENIOR ASSOCIATE DIRECTOR
"Ricchetti, Shannon E.",Female,48000,DEPUTY ASSOCIATE DIRECTOR
"Ricchetti, Steven J.",Male,180000,ASSISTANT TO THE PRESIDENT AND COUNSELOR TO THE PRESIDENT
"Rice, Susan E.",Female,180000,ASSISTANT TO THE PRESIDENT AND DOMESTIC POLICY ADVISOR
"Richmond, Cedric L.",Male,180000,ASSISTANT TO THE PRESIDENT AND SENIOR ADVISOR TO THE PRESIDENT AND DIRECTOR OF THE OFFICE OF PUBLIC ENGAGEMENT
"Ridgway, Mariel H.",Female,70700,ASSISTANT TO THE EXECUTIVE CLERK
"Riff, Adam J.",Male,100000,SENIOR DEPUTY ASSOCIATE COUNSEL FOR THE OFFICE OF PRESIDENTIAL PERSONNEL
"Riggan, Jennifer M.",Female,100000,ASSOCIATE COUNSEL
"Riley, Emma E.",Female,62500,CHIEF OF STAFF FOR THE OFFICE OF COMMUNICATIONS
"Rinkevich, Rebecca H.",Female,110000,SPECIAL ASSISTANT TO THE PRESIDENT AND DEPUTY DIRECTOR OF DIGITAL STRATEGY
"Rivera, PaaWee L.",Male,100000,SENIOR ADVISOR TO THE OFFICE OF INTERGOVERNMENTAL AFFAIRS AND DIRECTOR OF TRIBAL AFFAIRS
"Roberts, Kaitlyn A.",Female,60600,ASSISTANT TO THE EXECUTIVE CLERK
"Rodenbush, Patrick N.",Male,110000,SPECIAL ASSISTANT TO THE PRESIDENT AND SENIOR ADVISOR TO THE DOMESTIC POLICY ADVISOR
"Rodriguez, Julie C.",Female,155000,DEPUTY ASSISTANT TO THE PRESIDENT AND DIRECTOR OF THE WHITE HOUSE OFFICE OF INTERGOVERNMENTAL AFFAIRS
"Rogal, Olivia C.",Female,48000,OPERATIONS ASSISTANT
"Rogers, Melissa",Female,100000,"SENIOR DIRECTOR FOR FAITH, PUBLIC POLICY AND PARTNERSHIPS AND EXECUTIVE DIRECTOR OF THE OFFICE OF FAITH-BASED AND NEIGHBORHOOD AND COMMUNITY PARTNERSHIPS"
"Rosenfield, Amy S.",Female,100000,SECURITY CLEARANCE DIRECTOR
"Rosenzweig, Dana E.",Female,130000,SPECIAL ASSISTANT TO THE PRESIDENT AND DEPUTY DIRECTOR OF MANAGEMENT AND ADMINISTRATION FOR OPERATIONS
"Rowe, Courtney M.",Female,130000,DIRECTOR OF EXTERNAL ENGAGEMENT AND STRATEGIC MESSAGING FOR THE COVID-19 RESPONSE
"Rubio, Sophia E.",Female,62500,SPECIAL ASSISTANT TO THE DEPUTY CHIEF OF STAFF
"Ruiz, Emma",Female,155000,DEPUTY ASSISTANT TO THE PRESIDENT AND DIRECTOR OF POLITICAL STRATEGY AND OUTREACH
"Rusche, William M.",Male,80000,RESEARCH LEAD
"Russell, Catherine M.",Female,180000,ASSISTANT TO THE PRESIDENT AND DIRECTOR OF THE OFFICE OF PRESIDENTIAL PERSONNEL
"Ryan, Evan M.",Male,155000,DEPUTY ASSISTANT TO THE PRESIDENT AND CABINET SECRETARY
"Saba, Caroline R.",Female,48000,STAFF ASSISTANT
"Sackner-Bernstein, Sonya E.",Female,110000,SENIOR POLICY ADVISOR
"Saenz, Adrian",Male,130000,SPECIAL ASSISTANT TO THE PRESIDENT AND DEPUTY DIRECTOR OF THE OFFICE OF PUBLIC ENGAGEMENT
"Saez, Mariel S.",Female,100000,DIRECTOR OF BROADCAST MEDIA
"Sanchez, Marco F.",Male,48000,COORDINATOR
"Sanchez, Roque T.",Male,62500,POLICY ADVISOR
"Sanchez-Velasco, Marissa",Female,62500,ASSOCIATE DIRECTOR OF COMMUNICATIONS FOR THE COVID-19 RESPONSE
"Sands, Amy P.",Female,85850,DEPUTY DIRECTOR OF STENOGRAPHY
"Scanlon, John C.",Male,62500,ASSOCIATE DIRECTOR OF POLICY
"Scheinman, Sarah R.",Female,80000,DEPUTY ASSOCIATE COUNSEL FOR THE OFFICE OF PRESIDENTIAL PERSONNEL
"Schifeling, Deirdre A.",Female,100000,DIRECTOR OF ADVOCACY
"Schubel, Jessica L.",Female,100000,DIRECTOR OF THE AFFORDABLE CARE ACT AND HEALTH CARE
"Schuster, Seth T.",Male,62500,REGIONAL COMMUNICATIONS DIRECTOR
"Schwartztol, Laurence M.",Male,130000,SPECIAL ASSISTANT TO THE PRESIDENT AND ASSOCIATE COUNSEL TO THE PRESIDENT
"Secreto, James V.",Male,110000,SPECIAL ASSISTANT TO THE PRESIDENT AND DIRECTOR OF CONFIRMATIONS
"Shah, Aisha",Female,62500,PARTNERSHIPS MANAGER
"Shah, Reema B.",Female,80000,DEPUTY ASSOCIATE COUNSEL
"Shahpar, Cyrus G.",Male,145000,COVID-19 DATA DIRECTOR
"Sharma, Vidur K.",Male,80000,POLICY ADVISOR
"Sherman, Donald K.",Male,110000,SPECIAL ASSISTANT TO THE PRESIDENT FOR RACIAL AND ECONOMIC JUSTICE
"Sherwood-Randall, Elizabeth D.",Female,180000,ASSISTANT TO THE PRESIDENT AND HOMELAND SECURITY ADVISOR AND DEPUTY NATIONAL SECURITY ADVISOR
"Shim, Hee Jung L.",Female,100000,DIRECTOR FOR PRIORITY PLACEMENT
"Shubat, Dana I.",Female,62500,SENIOR LEGISLATIVE AFFAIRS ADVISOR
"Siddique, Zayn",Male,110000,SPECIAL ASSISTANT TO THE PRESIDENT AND SENIOR ADVISOR TO THE DEPUTY CHIEF OF STAFF
"Sierra-Zorita, Maria G.",Female,62500,ASSOCIATE DIRECTOR FOR PUERTO RICO AND TERRITORIES
"Sigworth, Jr., David J.",Male,100000,DIRECTOR OF COVID-19 PRINCIPAL PROTECTION
"Silk, Jr., William J.",Male,80000,SENIOR ASSOCIATE DIRECTOR
"Silva, Nezly E.",Female,48000,SPECIAL ASSISTANT TO THE DIRECTOR OF THE OFFICE OF INTERGOVERNMENTAL AFFAIRS
"Silverberg, Samantha E.",Female,130000,SPECIAL ASSISTANT TO THE PRESIDENT FOR TRANSPORTATION AND INFRASTRUCTURE POLICY
"Simons, Emily R.",Female,80000,ASSISTANT PRESS SECRETARY
"Singh, Priya",Female,100000,DEPUTY CHIEF OF STAFF AND SENIOR POLICY ANALYST FOR THE DOMESTIC POLICY COUNCIL
"Skinner, Carroll W.",Male,100000,DIRECTOR OF THE WHITE HOUSE VISITORS OFFICE
"Slater, Lee A.",Male,110000,SPECIAL ASSISTANT TO THE PRESIDENT AND HOUSE LEGISLATIVE AFFAIRS LIAISON
"Slevin, Christopher J.",Male,155000,DEPUTY ASSISTANT TO THE PRESIDENT AND DEPUTY DIRECTOR FOR THE OFFICE OF LEGISLATIVE AFFAIRS
"Smith, Carissa J.",Female,80000,SENIOR ADVISOR FOR PUBLIC ENGAGEMENT
"Smith, Chad S.",Male,62500,RESEARCHER
"Smith, Katrina R.",Female,62500,RESEARCHER
"Sokoler, Jennifer B.",Female,130000,SPECIAL ASSISTANT TO THE PRESIDENT AND ASSOCIATE COUNSEL TO THE PRESIDENT
"Somani, Aditi",Female,48000,SPECIAL ASSISTANT FOR OVAL OFFICE OPERATIONS
"Songer, Erica K.",Female,130000,SPECIAL ASSISTANT TO THE PRESIDENT AND ASSOCIATE COUNSEL TO THE PRESIDENT
"Sperling, Eugene B.",Male,36000,WHITE HOUSE AMERICAN RESCUE PLAN COORDINATOR AND SENIOR ADVISOR TO THE PRESIDENT
"Srivastava, Nina C.",Female,62500,ASSOCIATE DIRECTOR
"Stauffer, Patrick A.",Male,100000,DIRECTOR OF FINANCE
"Strasser, Madeline C.",Female,48000,SPECIAL ASSISTANT TO THE CHIEF OF STAFF
"Strelka, Andrew C.",Male,100000,DEPUTY ASSOCIATE COUNSEL AND SENIOR TAX COUNSEL FOR THE OFFICE OF PRESIDENTIAL PERSONNEL
"Su, Jonathan C.",Male,155000,DEPUTY COUNSEL TO THE PRESIDENT
"Suh, Danielle S.",Female,62500,ASSOCIATE DIRECTOR
"Sullivan, Jacob J.",Male,180000,ASSISTANT TO THE PRESIDENT AND NATIONAL SECURITY ADVISOR
"Sumar, Jenna A.",Female,62500,SENIOR VIDEO PRODUCER
"Sundaram, Kailash S.",Male,48000,LEGAL ASSISTANT
"Sztraicher, Jacob A.",Male,80000,SENIOR ASSOCIATE DIRECTOR
"Tanden, Neera",Female,180000,SENIOR ADVISOR TO THE PRESIDENT
"Tanielian, Terri L.",Female,110000,SPECIAL ASSISTANT TO THE PRESIDENT FOR VETERANS AFFAIRS
"Taylor, Gabrielle R.",Female,48000,STAFF ASSISTANT IN THE OFFICE OF MANAGEMENT AND ADMINISTRATION
"Teclu, Segen G.",Female,59000,INFORMATION SERVICES OPERATOR
"Terrell, Louisa M.",Female,180000,ASSISTANT TO THE PRESIDENT AND DIRECTOR OF THE OFFICE OF LEGISLATIVE AFFAIRS
"Tesfaye, Eden",Female,48000,STAFF ASSISTANT
"Thomas, Frances M.",Female,62500,CHIEF OF STAFF FOR THE OFFICE OF DOMESTIC CLIMATE POLICY
"Thomas, III, Edwin R.",Male,138866,ASSISTANT EXECUTIVE CLERK
"Thompson, Brandon S.",Male,80000,SENIOR ASSOCIATE DIRECTOR
"Tingle, James C.",Male,62500,RESEARCHER
"Tobar, Maria D.",Female,110000,SPECIAL ASSISTANT TO THE PRESIDENT AND DEPUTY DIRECTOR OF COMMUNICATIONS
"Tolliver, Teresa M.",Female,62500,ASSOCIATE DIRECTOR
"Tom, Christian L.",Male,110000,SPECIAL ASSISTANT TO THE PRESIDENT AND DEPUTY DIRECTOR OF DIGITAL STRATEGY
"Tomasini, AnnMarie",Female,180000,ASSISTANT TO THE PRESIDENT AND DIRECTOR OF OVAL OFFICE OPERATIONS
"Tomaszewski, Madalyn R.",Female,62500,ASSOCIATE DIRECTOR OF WHITE HOUSE PERSONNEL
"Tracey-Mooney, Maureen",Female,130000,SPECIAL ASSISTANT TO THE PRESIDENT FOR EDUCATION
"Trainor, Gregory T.",Male,90000,DIRECTOR OF SPECIAL PROJECTS FOR PRESIDENTIAL CORRESPONDENCE
"Trimble, Cameron C.",Male,80000,DIRECTOR OF DIGITAL ENGAGEMENT
"Turner, Emma L.",Female,48000,STAFF ASSISTANT
"Uy, Gabriel A.",Male,62500,ASSOCIATE DIRECTOR TO THE OFFICE OF INTERGOVERNMENTAL AFFAIRS
"Vail, Justin W.",Male,110000,SPECIAL ASSISTANT TO THE PRESIDENT FOR DEMOCRACY AND CIVIC PARTICIPATION
"Vaingankar, Jay G.",Male,48000,STAFF ASSISTANT IN THE OFFICE OF MANAGEMENT AND ADMINISTRATION
"Valle, Katherine",Female,100000,DIRECTOR OF HIGHER EDUCATION
"Vallejo, Jessika",Female,80000,SENIOR ADVISOR FOR CONGRESSIONAL ENGAGEMENT
"Varghese, Elizabeth J.",Female,114059,SUPERVISOR FOR RECORDS MANAGEMENT
"Varghese, Maju S.",Male,155000,DEPUTY ASSISTANT TO THE PRESIDENT AND DIRECTOR OF THE WHITE HOUSE MILITARY OFFICE
"Venook, Jeremy Y.",Male,62500,RESEARCHER
"Vidinghoff, Claire-Ellen M.",Female,48000,SPECIAL ASSISTANT
"Viswanathan, Vivek",Male,80000,SENIOR POLICY ADVISOR
"Volin, Lina L.",Female,48000,STAFF ASSISTANT
"Voorde, Emily F.",Female,62500,ASSOCIATE DIRECTOR FOR DISABILITY COMMUNITY ENGAGEMENT
"Wakana, Benjamin L.",Male,110000,DEPUTY DIRECTOR OF EXTERNAL ENGAGEMENT AND STRATEGIC MESSAGING FOR THE COVID-19 RESPONSE
"Waldman, Joshua F.",Male,48000,STAFF ASSISTANT
"Wall, Mary C.",Female,130000,SENIOR POLICY ADVISOR
"Wallace, Rachel L.",Female,110000,SPECIAL ASSISTANT TO THE PRESIDENT AND CHIEF OF STAFF FOR THE OFFICE OF PRESIDENTIAL PERSONNEL
"Wang, Alexander G.",Male,62500,ASSOCIATE DIRECTOR FOR IMMIGRATION
"Wang, Mu Ping",Male,54440,RECORDS MANAGEMENT ANALYST
"Washburn, Elizabeth R.",Female,130000,SPECIAL ASSISTANT TO THE PRESIDENT FOR NATIVE AFFAIRS
"Webb, Bryant C.",Male,130000,SENIOR POLICY ADVISOR
"Welty, John C.",Male,62500,ASSOCIATE DIRECTOR
"Wessel, Evan H.",Male,48000,POLICY ADVISOR TO THE OFFICE OF INTERGOVERNMENTAL AFFAIRS
"Wexler, Jeffrey G.",Male,100000,DIRECTOR OF COVID-19 OPERATIONS
"White, Jr., David E.",Male,80000,DEPUTY ASSOCIATE COUNSEL FOR THE OFFICE OF PRESIDENTIAL PERSONNEL
"Wilkins, Elizabeth W.",Female,130000,SPECIAL ASSISTANT TO THE PRESIDENT AND SENIOR ADVISOR TO THE CHIEF OF STAFF
"Williams, Ashley N.",Female,130000,SPECIAL ASSISTANT TO THE PRESIDENT AND DEPUTY DIRECTOR OF OVAL OFFICE OPERATIONS
"Williams, Sherman A.",Male,101734,ASSISTANT TO THE EXECUTIVE CLERK
"Wilson, Erin S.",Female,110000,SPECIAL ASSISTANT TO THE PRESIDENT AND DEPUTY DIRECTOR OF POLITICAL STRATEGY AND OUTREACH
"Winslow, Thomas J.",Male,110000,SPECIAL ASSISTANT TO THE PRESIDENT AND SENIOR ADVISOR TO THE DEPUTY CHIEF OF STAFF
"Wise, Jahi A.",Male,80000,SENIOR ADVISOR FOR CLIMATE POLICY AND FINANCE
"Wixtead, Jayne S.",Female,48000,STAFF ASSISTANT
"Womack, Robin M.",Female,60000,INFORMATION SERVICES OPERATOR
"Wong, Allison C.",Female,80000,SENIOR ASSOCIATE DIRECTOR
"Wong, Leah",Female,80000,
"Wu, Timothy",Male,130000,
"Wunder, Nicholas J.",Male,100000,
"Yamamoto, Remi Anne M.",Female,110000,
"Young, Christen L.",Female,155000,
"Yudelson, Alex R.",Male,80000,
"Zaidi, Ali A.",Male,155000,
"Zients, Jeffrey D.",Male,36000,
"Zimmerman, Thomas S.",Male,110000,
"Zubatkin, Todd S.",Male,80000,